{"avg": 1.203106, "stddev": 0.008578116576498592, "times": [1.21923, 1.19135, 1.20671, 1.19214, 1.20526, 1.20393, 1.2009, 1.2122, 1.2063, 1.19304]}