{"avg": 1.2119130000000002, "stddev": 0.005646131507501363, "times": [1.22538, 1.21134, 1.21124, 1.20609, 1.2136, 1.21643, 1.2142, 1.20709, 1.20729, 1.20647]}