{"avg": 0.004651000000000001, "stddev": 6.378087487640788e-05, "times": [0.004785, 0.004593, 0.0047, 0.004641, 0.004692, 0.004545, 0.004685, 0.004607, 0.004636, 0.004626], "num_images": 10, "num_nodes": 12}