{"avg": 0.1094607, "stddev": 0.014719526310652797, "times": [0.127637, 0.12383, 0.123558, 0.094583, 0.094267, 0.096049, 0.095065, 0.119156, 0.094474, 0.125988], "num_images": 50, "num_nodes": 3}