{"avg": 0.0978329, "stddev": 0.027036730499267102, "times": [0.123254, 0.069228, 0.126022, 0.071031, 0.123617, 0.071386, 0.125743, 0.074349, 0.125448, 0.068251], "num_images": 50, "num_nodes": 16}