{"avg": 0.0046205000000000005, "stddev": 5.100245092149986e-05, "times": [0.004729, 0.004622, 0.004635, 0.004553, 0.004613, 0.004565, 0.004658, 0.004555, 0.004632, 0.004643], "num_images": 5, "num_nodes": 26}