{"avg": 0.12102189999999999, "stddev": 0.017657851276132102, "times": [0.12682, 0.120652, 0.127815, 0.126155, 0.129949, 0.126501, 0.12648, 0.128981, 0.06853, 0.128336], "num_images": 100, "num_nodes": 19}