{"avg": 0.12372880000000001, "stddev": 0.00041823218431871246, "times": [0.124728, 0.124268, 0.123723, 0.12352, 0.123517, 0.123628, 0.123435, 0.123329, 0.12339, 0.12375], "num_images": 500, "num_nodes": 27}