{"avg": 2.07977, "stddev": 0.0031466807909287897, "times": [2.08226, 2.07589, 2.0835, 2.08086, 2.07869, 2.07687, 2.08521, 2.08089, 2.07821, 2.07532], "num_images": 5000, "num_nodes": 9}