{"avg": 0.004490900000000001, "stddev": 6.058787007314259e-05, "times": [0.004613, 0.004539, 0.004489, 0.004516, 0.004396, 0.004544, 0.004457, 0.004478, 0.004449, 0.004428], "num_images": 1, "num_nodes": 8}