{"avg": 1.329338, "stddev": 0.0009126971020004815, "times": [1.33187, 1.3291, 1.32959, 1.32838, 1.32929, 1.32885, 1.32916, 1.32876, 1.32953, 1.32885], "num_images": 10000, "num_nodes": 38}