{"avg": 0.11134980000000001, "stddev": 0.027422622393928703, "times": [0.128571, 0.128146, 0.069207, 0.131993, 0.126853, 0.130632, 0.069152, 0.128341, 0.070189, 0.130414], "num_images": 100, "num_nodes": 40}