{"avg": 0.1893526, "stddev": 0.0006893172274069475, "times": [0.18942, 0.190687, 0.189348, 0.188073, 0.189447, 0.189942, 0.189272, 0.189191, 0.188447, 0.189699], "num_images": 50, "num_nodes": 1}