{"avg": 0.8822946, "stddev": 0.0012479855928655404, "times": [0.883089, 0.881306, 0.882078, 0.880414, 0.882137, 0.88184, 0.882251, 0.881992, 0.882374, 0.885465], "num_images": 1000, "num_nodes": 4}