{"avg": 8.844305, "stddev": 0.0046262430761903565, "times": [8.85095, 8.84349, 8.84087, 8.84063, 8.84152, 8.84295, 8.84196, 8.84366, 8.84169, 8.85533], "num_images": 10000, "num_nodes": 4}