{"avg": 0.004654, "stddev": 6.165062854505222e-05, "times": [0.004806, 0.004654, 0.004697, 0.00457, 0.004678, 0.004599, 0.004656, 0.004634, 0.004629, 0.004617], "num_images": 10, "num_nodes": 33}