{"avg": 0.0688222, "stddev": 0.0007268130158438279, "times": [0.068563, 0.068856, 0.070122, 0.068853, 0.068241, 0.068289, 0.070223, 0.068801, 0.068133, 0.068141], "num_images": 50, "num_nodes": 38}