{"avg": 0.0046366, "stddev": 0.00010086644635358192, "times": [0.004924, 0.004585, 0.004639, 0.00459, 0.004596, 0.004555, 0.004653, 0.004562, 0.004638, 0.004624], "num_images": 10, "num_nodes": 36}