{"avg": 0.0046069, "stddev": 0.0001389679459443795, "times": [0.004948, 0.004503, 0.004634, 0.004481, 0.004639, 0.00446, 0.00465, 0.00446, 0.004639, 0.004655], "num_images": 5, "num_nodes": 25}