{"avg": 0.004629699999999999, "stddev": 8.758316048190991e-05, "times": [0.004814, 0.004615, 0.004624, 0.00455, 0.004652, 0.004519, 0.004702, 0.004503, 0.004673, 0.004645], "num_images": 10, "num_nodes": 24}