{"avg": 0.0046029999999999995, "stddev": 5.7771965519618724e-05, "times": [0.004714, 0.004565, 0.004624, 0.004523, 0.00459, 0.004519, 0.004649, 0.004571, 0.004634, 0.004641], "num_images": 5, "num_nodes": 18}