{"avg": 0.004450899999999999, "stddev": 6.436528567481072e-05, "times": [0.004541, 0.004367, 0.004534, 0.004472, 0.004407, 0.004527, 0.004384, 0.004454, 0.004369, 0.004454], "num_images": 1, "num_nodes": 21}