{"avg": 0.1263052, "stddev": 0.0006659879578490885, "times": [0.127229, 0.125921, 0.127748, 0.125594, 0.126306, 0.125666, 0.126498, 0.125694, 0.12615, 0.126246], "num_images": 500, "num_nodes": 16}