{"avg": 0.0959248, "stddev": 0.028801457844352257, "times": [0.066627, 0.123739, 0.068197, 0.126375, 0.123417, 0.066424, 0.123327, 0.067116, 0.12666, 0.067366], "num_images": 50, "num_nodes": 22}