{"avg": 0.13681550000000003, "stddev": 0.006428794354309368, "times": [0.14397, 0.128766, 0.129189, 0.137545, 0.13871, 0.143374, 0.14214, 0.137869, 0.141596, 0.124996], "num_images": 500, "num_nodes": 33}