{"avg": 0.11149020000000001, "stddev": 0.02673882112509824, "times": [0.130403, 0.073945, 0.131253, 0.129017, 0.126012, 0.127503, 0.069035, 0.127988, 0.069273, 0.130473], "num_images": 100, "num_nodes": 37}