{"avg": 0.1062859, "stddev": 0.029196070360409804, "times": [0.130876, 0.073896, 0.131005, 0.069191, 0.128238, 0.127384, 0.069187, 0.131397, 0.070101, 0.131584], "num_images": 100, "num_nodes": 36}