{"avg": 0.0044426, "stddev": 8.222432730037984e-05, "times": [0.004613, 0.004361, 0.004504, 0.004428, 0.00434, 0.00443, 0.004493, 0.00436, 0.004511, 0.004386], "num_images": 1, "num_nodes": 5}