{"avg": 0.0044927000000000005, "stddev": 5.7278355423318485e-05, "times": [0.004595, 0.004542, 0.004431, 0.00452, 0.004463, 0.00449, 0.004396, 0.004519, 0.004532, 0.004439], "num_images": 1, "num_nodes": 1}