{"avg": 0.0046171, "stddev": 5.8423368612225676e-05, "times": [0.004719, 0.004571, 0.00463, 0.004558, 0.004586, 0.004551, 0.004721, 0.004583, 0.004642, 0.00461], "num_images": 5, "num_nodes": 33}