{"avg": 1.330295, "stddev": 0.0012185175419335984, "times": [1.3336, 1.33002, 1.33093, 1.32925, 1.33003, 1.32961, 1.3301, 1.32908, 1.33053, 1.3298], "num_images": 10000, "num_nodes": 37}