{"avg": 0.25373840000000003, "stddev": 0.0003394419538006494, "times": [0.254093, 0.254127, 0.25332, 0.254037, 0.253413, 0.253935, 0.25336, 0.253404, 0.254154, 0.253541], "num_images": 1000, "num_nodes": 15}