{"avg": 0.7194181000000001, "stddev": 0.0001752132700454034, "times": [0.719047, 0.7195, 0.719498, 0.719599, 0.71915, 0.719553, 0.719341, 0.719547, 0.719522, 0.719424], "num_images": 5000, "num_nodes": 33}