{"avg": 0.0046237, "stddev": 5.6769798308607646e-05, "times": [0.004756, 0.004555, 0.004625, 0.004574, 0.004585, 0.004569, 0.004632, 0.004676, 0.004626, 0.004639], "num_images": 5, "num_nodes": 36}