{"avg": 0.636435, "stddev": 0.0005204300145072443, "times": [0.636629, 0.636949, 0.635801, 0.636388, 0.636005, 0.637579, 0.635975, 0.636627, 0.635926, 0.636471], "num_images": 5000, "num_nodes": 29}