{"avg": 0.0046187, "stddev": 5.001409801246046e-05, "times": [0.004723, 0.004589, 0.004654, 0.004542, 0.004608, 0.004561, 0.004655, 0.004591, 0.004643, 0.004621], "num_images": 10, "num_nodes": 26}