{"avg": 0.0845273, "stddev": 0.02681295637206013, "times": [0.127056, 0.067193, 0.06776, 0.066505, 0.126942, 0.122322, 0.066502, 0.066995, 0.067072, 0.066926], "num_images": 50, "num_nodes": 24}