{"avg": 0.004494199999999999, "stddev": 7.106447776491431e-05, "times": [0.004658, 0.00452, 0.00448, 0.004525, 0.004485, 0.004479, 0.004473, 0.004495, 0.004477, 0.00435], "num_images": 1, "num_nodes": 33}