{"avg": 0.1767499, "stddev": 0.0004065640048012091, "times": [0.176568, 0.176618, 0.177667, 0.17641, 0.176849, 0.176306, 0.17664, 0.177332, 0.176631, 0.176478], "num_images": 1000, "num_nodes": 37}