{"avg": 0.1904087, "stddev": 0.000695117982791415, "times": [0.190075, 0.191815, 0.190353, 0.189189, 0.190831, 0.190717, 0.190292, 0.190388, 0.189547, 0.19088], "num_images": 500, "num_nodes": 13}