{"avg": 0.0670155, "stddev": 0.000924592585953402, "times": [0.066873, 0.065899, 0.067898, 0.068304, 0.067643, 0.065931, 0.067685, 0.067906, 0.066036, 0.06598], "num_images": 50, "num_nodes": 31}