{"avg": 0.0764236, "stddev": 0.017077520459364115, "times": [0.12763, 0.07152, 0.070884, 0.070829, 0.070543, 0.070627, 0.071522, 0.06946, 0.070665, 0.070556], "num_images": 10, "num_nodes": 1}