{"avg": 0.7162143, "stddev": 0.0005388706802192895, "times": [0.717453, 0.715668, 0.716413, 0.715766, 0.716023, 0.715704, 0.716499, 0.716716, 0.715775, 0.716126], "num_images": 5000, "num_nodes": 35}