{"avg": 0.0044959, "stddev": 9.347240234422142e-05, "times": [0.004528, 0.004604, 0.004396, 0.004636, 0.004464, 0.004404, 0.004607, 0.004516, 0.004351, 0.004453], "num_images": 1, "num_nodes": 25}