{"avg": 0.0046616, "stddev": 5.651052999220575e-05, "times": [0.004788, 0.004623, 0.004704, 0.004622, 0.00465, 0.004593, 0.004704, 0.004631, 0.004691, 0.00461], "num_images": 5, "num_nodes": 20}