{"avg": 0.0046445, "stddev": 9.503394130519896e-05, "times": [0.004909, 0.004564, 0.004677, 0.004581, 0.004583, 0.004586, 0.004656, 0.004614, 0.004652, 0.004623], "num_images": 5, "num_nodes": 35}