{"avg": 1.240071, "stddev": 0.0009901459488378598, "times": [1.24159, 1.23931, 1.24, 1.24092, 1.23931, 1.23894, 1.23978, 1.23916, 1.2398, 1.2419], "num_images": 10000, "num_nodes": 39}