{"avg": 1.149098, "stddev": 0.000464646101888331, "times": [1.14959, 1.14852, 1.14834, 1.14985, 1.14869, 1.14945, 1.14892, 1.1493, 1.14897, 1.14935], "num_images": 10000, "num_nodes": 31}