{"avg": 2.396475, "stddev": 0.005925126580926405, "times": [2.3938, 2.39165, 2.39386, 2.39302, 2.39422, 2.39376, 2.39479, 2.39951, 2.39702, 2.41312], "num_images": 10000, "num_nodes": 15}