{"avg": 0.1125418, "stddev": 0.02304440739008057, "times": [0.124639, 0.125761, 0.119381, 0.0835, 0.129476, 0.12385, 0.141698, 0.08334, 0.124195, 0.069578], "num_images": 100, "num_nodes": 15}