{"avg": 0.18956350000000002, "stddev": 0.000685938517653004, "times": [0.189807, 0.190894, 0.189423, 0.18834, 0.189627, 0.190232, 0.189342, 0.189408, 0.1887, 0.189862], "num_images": 100, "num_nodes": 2}