{"avg": 4.447161, "stddev": 0.030373524145215654, "times": [4.415, 4.41225, 4.41321, 4.4126, 4.43982, 4.46255, 4.46818, 4.4763, 4.48085, 4.49085], "num_images": 10000, "num_nodes": 8}