{"avg": 0.0046755, "stddev": 9.679591933547618e-05, "times": [0.00491, 0.004735, 0.004627, 0.004634, 0.004648, 0.004534, 0.004684, 0.004581, 0.004703, 0.004699], "num_images": 5, "num_nodes": 22}