{"avg": 0.10209629999999999, "stddev": 0.026997174670879913, "times": [0.1251, 0.120892, 0.068451, 0.06852, 0.123941, 0.06838, 0.127635, 0.124042, 0.07105, 0.122952], "num_images": 50, "num_nodes": 15}