{"avg": 1.546959, "stddev": 0.003329875222887523, "times": [1.54719, 1.54304, 1.55227, 1.54889, 1.54521, 1.54303, 1.5522, 1.54844, 1.54621, 1.54311], "num_images": 10000, "num_nodes": 24}