{"avg": 1.0046509, "stddev": 0.003871258360016798, "times": [1.01132, 1.00051, 1.00881, 1.00544, 1.00355, 1.00035, 1.00876, 1.00548, 1.0032, 0.999089], "num_images": 5000, "num_nodes": 19}