{"avg": 0.0046402, "stddev": 0.00010134969166208639, "times": [0.004925, 0.00457, 0.00466, 0.004579, 0.004614, 0.004556, 0.00465, 0.004572, 0.00464, 0.004636], "num_images": 10, "num_nodes": 34}