{"avg": 1.1425519999999998, "stddev": 0.0005276324478271233, "times": [1.14355, 1.14287, 1.142, 1.14285, 1.1424, 1.14307, 1.14166, 1.14261, 1.14214, 1.14237], "num_images": 5000, "num_nodes": 16}