{"avg": 0.0046383, "stddev": 8.956120812048038e-05, "times": [0.004895, 0.004593, 0.004622, 0.004588, 0.004629, 0.004551, 0.004644, 0.004598, 0.004629, 0.004634], "num_images": 5, "num_nodes": 38}