{"avg": 2.2248419999999998, "stddev": 0.0010158228191962833, "times": [2.22516, 2.22571, 2.22434, 2.22248, 2.22453, 2.2257, 2.22541, 2.22403, 2.22487, 2.22619], "num_images": 5000, "num_nodes": 8}