{"avg": 0.7498395000000001, "stddev": 0.00038098064255286535, "times": [0.750772, 0.749779, 0.749518, 0.749715, 0.749886, 0.749828, 0.749685, 0.750217, 0.749329, 0.749666], "num_images": 1000, "num_nodes": 5}