{"avg": 1.393068, "stddev": 0.001036366730457911, "times": [1.3948, 1.39137, 1.39314, 1.39194, 1.39381, 1.39214, 1.3939, 1.39317, 1.39405, 1.39236], "num_images": 10000, "num_nodes": 26}