{"avg": 0.1259883, "stddev": 0.0019460163437134844, "times": [0.123474, 0.12627, 0.123422, 0.127653, 0.123722, 0.126493, 0.125241, 0.125969, 0.128564, 0.129075], "num_images": 100, "num_nodes": 23}