{"avg": 1.421463, "stddev": 0.010985413101017168, "times": [1.43228, 1.39155, 1.42809, 1.41942, 1.42796, 1.41954, 1.42826, 1.41956, 1.42837, 1.4196], "num_images": 5000, "num_nodes": 13}