{"avg": 0.0046508999999999995, "stddev": 0.00013328799645879604, "times": [0.004975, 0.004538, 0.004633, 0.004547, 0.004572, 0.004516, 0.004703, 0.004572, 0.004682, 0.004771], "num_images": 10, "num_nodes": 16}