{"avg": 0.6283510999999999, "stddev": 0.00026482048636766004, "times": [0.629009, 0.628483, 0.628158, 0.628213, 0.628191, 0.628542, 0.628067, 0.628142, 0.628289, 0.628417], "num_images": 5000, "num_nodes": 30}