{"avg": 0.11210090000000002, "stddev": 0.02084537328737483, "times": [0.128327, 0.091052, 0.127148, 0.12212, 0.126144, 0.121997, 0.127574, 0.069474, 0.12378, 0.083393], "num_images": 100, "num_nodes": 13}