{"avg": 0.1083982, "stddev": 0.026074199380997302, "times": [0.126683, 0.123984, 0.120781, 0.068648, 0.122996, 0.128787, 0.128149, 0.126445, 0.069028, 0.068481], "num_images": 50, "num_nodes": 12}