{"avg": 0.6357979, "stddev": 0.0021780431790944673, "times": [0.635989, 0.634028, 0.635441, 0.641894, 0.635696, 0.634719, 0.636185, 0.634181, 0.635792, 0.634054], "num_images": 5000, "num_nodes": 28}