{"avg": 0.12687379999999998, "stddev": 0.00047414887957264955, "times": [0.127144, 0.12698, 0.127323, 0.126655, 0.126682, 0.126904, 0.126317, 0.126678, 0.126167, 0.127888], "num_images": 500, "num_nodes": 15}