{"avg": 0.11336589999999998, "stddev": 0.024588992051119134, "times": [0.131391, 0.124913, 0.127902, 0.069245, 0.130132, 0.130848, 0.069751, 0.131189, 0.126286, 0.092002], "num_images": 100, "num_nodes": 34}