{"avg": 0.44524739999999985, "stddev": 0.0007406790398006469, "times": [0.446297, 0.44436, 0.446046, 0.445538, 0.44498, 0.444098, 0.446226, 0.445346, 0.445014, 0.444569], "num_images": 1000, "num_nodes": 9}