{"avg": 0.0046916, "stddev": 0.00015388775129944557, "times": [0.005124, 0.004607, 0.004782, 0.004612, 0.004652, 0.004566, 0.004637, 0.004638, 0.004675, 0.004623], "num_images": 10, "num_nodes": 29}