{"avg": 0.10738080000000001, "stddev": 0.02555653866547659, "times": [0.124749, 0.120984, 0.123716, 0.068724, 0.127471, 0.120797, 0.125347, 0.068418, 0.125394, 0.068208], "num_images": 100, "num_nodes": 26}