{"avg": 0.004638500000000001, "stddev": 0.00010663793883979564, "times": [0.004882, 0.00454, 0.00467, 0.00451, 0.00466, 0.004555, 0.004692, 0.004525, 0.004701, 0.00465], "num_images": 10, "num_nodes": 10}