{"avg": 0.004447700000000001, "stddev": 9.593440467319324e-05, "times": [0.004655, 0.004421, 0.004499, 0.00434, 0.004367, 0.004513, 0.004454, 0.004309, 0.004503, 0.004416], "num_images": 1, "num_nodes": 14}