{"avg": 0.0045333, "stddev": 3.0192879955380363e-05, "times": [0.004571, 0.004515, 0.004475, 0.004582, 0.004546, 0.004527, 0.00453, 0.004549, 0.004538, 0.0045], "num_images": 1, "num_nodes": 20}