{"avg": 1.6112290000000002, "stddev": 0.0073730162755821695, "times": [1.614, 1.58912, 1.61353, 1.61379, 1.61373, 1.61317, 1.61398, 1.61363, 1.61364, 1.6137], "num_images": 10000, "num_nodes": 23}