{"avg": 0.11967049999999999, "stddev": 0.017618279758534885, "times": [0.126122, 0.126287, 0.067026, 0.126462, 0.12278, 0.125335, 0.123573, 0.124076, 0.128354, 0.12669], "num_images": 50, "num_nodes": 17}