{"avg": 0.7068993, "stddev": 0.03781723737940147, "times": [0.720786, 0.593457, 0.719369, 0.719401, 0.719256, 0.718713, 0.719559, 0.719555, 0.719421, 0.719476], "num_images": 5000, "num_nodes": 34}