{"avg": 1.321306, "stddev": 0.00030731742547404937, "times": [1.32104, 1.32067, 1.3215, 1.32126, 1.32114, 1.32136, 1.32152, 1.32127, 1.32141, 1.32189], "num_images": 10000, "num_nodes": 27}