{"avg": 0.1329517, "stddev": 0.020160989767618057, "times": [0.156123, 0.141607, 0.151576, 0.124088, 0.13898, 0.131054, 0.097091, 0.151241, 0.096846, 0.140911], "num_images": 500, "num_nodes": 30}