{"avg": 0.1251147, "stddev": 0.0009445928276246829, "times": [0.126297, 0.124121, 0.126796, 0.124076, 0.125571, 0.124141, 0.125518, 0.124952, 0.12559, 0.124085], "num_images": 50, "num_nodes": 2}