{"avg": 0.19045710000000002, "stddev": 0.0008496026659562682, "times": [0.189725, 0.191067, 0.191275, 0.189183, 0.189926, 0.191977, 0.190417, 0.189401, 0.190608, 0.190992], "num_images": 1000, "num_nodes": 21}