{"avg": 0.1718236, "stddev": 0.013769709591708899, "times": [0.176662, 0.176453, 0.176346, 0.130516, 0.176221, 0.176547, 0.176432, 0.176341, 0.176304, 0.176414], "num_images": 1000, "num_nodes": 39}