{"avg": 0.1227675, "stddev": 0.023533160982961893, "times": [0.140722, 0.136371, 0.123337, 0.07656, 0.13328, 0.135942, 0.076591, 0.139637, 0.132267, 0.132968], "num_images": 500, "num_nodes": 38}