{"avg": 5.840075000000001, "stddev": 0.004248073092591452, "times": [5.83844, 5.83841, 5.83879, 5.83809, 5.83841, 5.83816, 5.83801, 5.8398, 5.85267, 5.83997], "num_images": 10000, "num_nodes": 6}