{"avg": 0.004608699999999999, "stddev": 5.8967872608734897e-05, "times": [0.00471, 0.004543, 0.004658, 0.004648, 0.004576, 0.004545, 0.004651, 0.004514, 0.004617, 0.004625], "num_images": 5, "num_nodes": 8}