{"avg": 0.31357139999999994, "stddev": 0.000386023626219949, "times": [0.314691, 0.313562, 0.313357, 0.313399, 0.31358, 0.313347, 0.313568, 0.313437, 0.313277, 0.313496], "num_images": 1000, "num_nodes": 12}