{"avg": 0.0964514, "stddev": 0.028379442232714866, "times": [0.071409, 0.12278, 0.127085, 0.067488, 0.12377, 0.067047, 0.12438, 0.067285, 0.125915, 0.067355], "num_images": 50, "num_nodes": 19}