{"avg": 0.18771310000000002, "stddev": 0.0002538111305675945, "times": [0.188317, 0.187719, 0.187566, 0.187342, 0.187802, 0.187697, 0.187791, 0.187644, 0.187419, 0.187834], "num_images": 1000, "num_nodes": 25}