{"avg": 0.12633480000000002, "stddev": 0.000471181663480233, "times": [0.126402, 0.126455, 0.126784, 0.126195, 0.12576, 0.126396, 0.125784, 0.127355, 0.125793, 0.126424], "num_images": 1000, "num_nodes": 32}