{"avg": 1.772691, "stddev": 0.0006979462730038542, "times": [1.77395, 1.77292, 1.77255, 1.77242, 1.7721, 1.77402, 1.77253, 1.77238, 1.77205, 1.77199], "num_images": 500, "num_nodes": 1}