{"avg": 0.1251768, "stddev": 0.0009908836258612798, "times": [0.126832, 0.124098, 0.126601, 0.124109, 0.125586, 0.124201, 0.125521, 0.124953, 0.125752, 0.124115], "num_images": 100, "num_nodes": 4}