{"avg": 0.004649499999999999, "stddev": 6.780007374627259e-05, "times": [0.004775, 0.004586, 0.004704, 0.004584, 0.00464, 0.004617, 0.004728, 0.004562, 0.004694, 0.004605], "num_images": 5, "num_nodes": 6}