{"avg": 1.2753530000000002, "stddev": 0.0008914488207407383, "times": [1.2748, 1.27423, 1.27517, 1.27539, 1.27574, 1.27475, 1.27732, 1.27652, 1.27481, 1.2748], "num_images": 5000, "num_nodes": 14}