{"avg": 0.06846649999999999, "stddev": 0.0003011492155061992, "times": [0.068515, 0.068158, 0.068919, 0.068742, 0.068562, 0.068216, 0.068691, 0.068742, 0.068066, 0.068054], "num_images": 50, "num_nodes": 36}