{"avg": 1.023972, "stddev": 0.00041913720903780197, "times": [1.02454, 1.02339, 1.02423, 1.02349, 1.02384, 1.02378, 1.02389, 1.02396, 1.02379, 1.02481], "num_images": 5000, "num_nodes": 18}