{"avg": 1.49877, "stddev": 0.0006221736092120599, "times": [1.4992, 1.49942, 1.49945, 1.49744, 1.49839, 1.49942, 1.49902, 1.49824, 1.49843, 1.49869], "num_images": 10000, "num_nodes": 34}