{"avg": 1.7832750000000002, "stddev": 0.0009441212845815833, "times": [1.78316, 1.78179, 1.78312, 1.783, 1.78278, 1.78464, 1.78527, 1.78342, 1.78273, 1.78284], "num_images": 10000, "num_nodes": 20}