{"avg": 0.004468100000000001, "stddev": 6.786965448563882e-05, "times": [0.004646, 0.004434, 0.004457, 0.004437, 0.004425, 0.004494, 0.004508, 0.004428, 0.004464, 0.004388], "num_images": 1, "num_nodes": 37}