{"avg": 0.0046599, "stddev": 7.059383825802353e-05, "times": [0.004804, 0.004588, 0.004675, 0.004643, 0.004661, 0.004549, 0.004715, 0.004583, 0.004702, 0.004679], "num_images": 10, "num_nodes": 18}