{"avg": 0.0046048, "stddev": 4.4664975092347244e-05, "times": [0.004719, 0.004575, 0.004634, 0.004581, 0.004597, 0.004542, 0.004614, 0.004584, 0.004606, 0.004596], "num_images": 5, "num_nodes": 29}