{"avg": 0.1258031, "stddev": 0.0009965018263907019, "times": [0.126814, 0.124626, 0.127579, 0.124752, 0.126392, 0.124733, 0.126288, 0.125892, 0.126289, 0.124666], "num_images": 500, "num_nodes": 20}