{"avg": 0.19064799999999998, "stddev": 0.0008302746533527342, "times": [0.191118, 0.191015, 0.19141, 0.189467, 0.189699, 0.191998, 0.190609, 0.189346, 0.190852, 0.190966], "num_images": 1000, "num_nodes": 24}