{"avg": 0.1913657, "stddev": 0.000779370393330414, "times": [0.190497, 0.19287, 0.191069, 0.190315, 0.191505, 0.191948, 0.191163, 0.192087, 0.190467, 0.191736], "num_images": 1000, "num_nodes": 19}