{"avg": 0.1898503, "stddev": 0.0008570689645530302, "times": [0.190648, 0.190371, 0.190532, 0.188689, 0.188807, 0.191237, 0.189491, 0.18866, 0.190028, 0.19004], "num_images": 1000, "num_nodes": 23}