{"avg": 1.986166, "stddev": 0.017901181636975783, "times": [1.97967, 1.97836, 1.98096, 1.98005, 2.03978, 1.9792, 1.98155, 1.98207, 1.97991, 1.98011], "num_images": 10000, "num_nodes": 18}