{"avg": 0.0045, "stddev": 4.3388938682572045e-05, "times": [0.004574, 0.004523, 0.004392, 0.004501, 0.004491, 0.004506, 0.004505, 0.004517, 0.004477, 0.004514], "num_images": 1, "num_nodes": 10}