{"avg": 0.0047434, "stddev": 0.00036474242966784095, "times": [0.004711, 0.004613, 0.004653, 0.004568, 0.004585, 0.004571, 0.005826, 0.004561, 0.004632, 0.004714], "num_images": 5, "num_nodes": 5}