{"avg": 3.2731790000000003, "stddev": 0.01194927483155355, "times": [3.25855, 3.25856, 3.26324, 3.25899, 3.27343, 3.27817, 3.28104, 3.27998, 3.28807, 3.29176], "num_images": 10000, "num_nodes": 11}