{"avg": 0.0046673, "stddev": 8.872209420431856e-05, "times": [0.004887, 0.004564, 0.004672, 0.004609, 0.004657, 0.00458, 0.004704, 0.004603, 0.004723, 0.004674], "num_images": 10, "num_nodes": 28}