{"avg": 0.6226193999999999, "stddev": 0.00047601747867069707, "times": [0.623468, 0.622656, 0.623146, 0.62193, 0.622743, 0.622323, 0.62279, 0.621818, 0.622744, 0.622576], "num_images": 5000, "num_nodes": 40}