{"avg": 0.0045968, "stddev": 5.0328520741225805e-05, "times": [0.004698, 0.004555, 0.004611, 0.004548, 0.004605, 0.004542, 0.004632, 0.004543, 0.004654, 0.00458], "num_images": 5, "num_nodes": 17}