{"avg": 0.07758509999999999, "stddev": 0.022863312482884014, "times": [0.123639, 0.067072, 0.067381, 0.065553, 0.066016, 0.066238, 0.065724, 0.122951, 0.065898, 0.065379], "num_images": 5, "num_nodes": 2}