{"avg": 0.6257173, "stddev": 0.0005619976957248009, "times": [0.627185, 0.625488, 0.626209, 0.625353, 0.625882, 0.625403, 0.625545, 0.625205, 0.625357, 0.625546], "num_images": 5000, "num_nodes": 39}