{"avg": 0.10700950000000001, "stddev": 0.026042882203204772, "times": [0.125218, 0.067887, 0.125661, 0.066497, 0.12311, 0.121292, 0.126197, 0.123381, 0.123384, 0.067468], "num_images": 50, "num_nodes": 20}