{"avg": 0.1097731, "stddev": 0.025525035958642642, "times": [0.127105, 0.127227, 0.069377, 0.122335, 0.126276, 0.07333, 0.12596, 0.069957, 0.126991, 0.129173], "num_images": 100, "num_nodes": 16}