{"avg": 0.7112535, "stddev": 0.0009519677778160473, "times": [0.713983, 0.71107, 0.710644, 0.711161, 0.71073, 0.711007, 0.711006, 0.710665, 0.711597, 0.710672], "num_images": 5000, "num_nodes": 36}