{"avg": 0.0046175, "stddev": 9.67349471494146e-05, "times": [0.004793, 0.004555, 0.004601, 0.004488, 0.004661, 0.004493, 0.0047, 0.004523, 0.004661, 0.0047], "num_images": 10, "num_nodes": 14}