{"avg": 0.1409969, "stddev": 0.018332697823561048, "times": [0.186922, 0.134944, 0.133977, 0.138356, 0.142124, 0.127896, 0.119893, 0.160664, 0.135113, 0.13008], "num_images": 500, "num_nodes": 34}