{"avg": 1.7158340000000003, "stddev": 0.0007870984690621485, "times": [1.71631, 1.71683, 1.71641, 1.71472, 1.71498, 1.71671, 1.71571, 1.71453, 1.71587, 1.71627], "num_images": 10000, "num_nodes": 21}