{"avg": 0.004486200000000001, "stddev": 5.761562288129851e-05, "times": [0.004616, 0.00447, 0.004477, 0.004529, 0.00446, 0.004471, 0.004398, 0.004521, 0.004498, 0.004422], "num_images": 1, "num_nodes": 26}