{"avg": 0.1066992, "stddev": 0.025964167962020272, "times": [0.126965, 0.123534, 0.131321, 0.130667, 0.080435, 0.127156, 0.125988, 0.082119, 0.069172, 0.069635], "num_images": 50, "num_nodes": 7}