{"avg": 8.831941, "stddev": 0.0026908862852228436, "times": [8.83169, 8.8277, 8.82776, 8.83028, 8.8308, 8.83348, 8.83323, 8.83641, 8.83382, 8.83424], "num_images": 5000, "num_nodes": 2}