{"avg": 3.0064629999999997, "stddev": 0.009505267013608841, "times": [2.99856, 2.9985, 3.00062, 3.00136, 2.99934, 2.99998, 3.00417, 3.01926, 3.01939, 3.02345], "num_images": 10000, "num_nodes": 12}