{"avg": 0.0046728, "stddev": 8.228584325386715e-05, "times": [0.004882, 0.004601, 0.004677, 0.004692, 0.0046, 0.004603, 0.00471, 0.004594, 0.004698, 0.004671], "num_images": 10, "num_nodes": 20}