{"avg": 0.5351758, "stddev": 0.004864679677018833, "times": [0.537415, 0.536247, 0.536419, 0.536157, 0.536546, 0.53611, 0.520906, 0.539602, 0.536222, 0.536134], "num_images": 1000, "num_nodes": 7}