{"avg": 2.755413, "stddev": 0.008930357271688527, "times": [2.74666, 2.74799, 2.74822, 2.74992, 2.75113, 2.75289, 2.75201, 2.76352, 2.76978, 2.77201], "num_images": 10000, "num_nodes": 13}