{"avg": 0.1768398, "stddev": 0.0008985902069352852, "times": [0.179418, 0.177327, 0.176455, 0.17646, 0.17642, 0.176488, 0.176419, 0.176409, 0.176448, 0.176554], "num_images": 1000, "num_nodes": 35}