{"avg": 11.74748, "stddev": 0.0024534873140084224, "times": [11.7471, 11.7433, 11.7449, 11.7455, 11.7466, 11.7478, 11.7512, 11.7478, 11.7511, 11.7495], "num_images": 10000, "num_nodes": 3}