{"avg": 0.004658300000000001, "stddev": 4.6987338720127626e-05, "times": [0.004712, 0.004565, 0.004699, 0.004658, 0.004672, 0.004595, 0.004623, 0.004661, 0.004693, 0.004705], "num_images": 5, "num_nodes": 7}