{"avg": 0.3126313, "stddev": 0.0008469212537184301, "times": [0.314168, 0.312623, 0.312505, 0.311803, 0.312693, 0.311967, 0.312685, 0.311817, 0.314185, 0.311867], "num_images": 500, "num_nodes": 6}