{"avg": 0.0044816, "stddev": 5.8844201073682784e-05, "times": [0.004556, 0.004473, 0.004531, 0.004411, 0.004418, 0.00439, 0.00449, 0.004477, 0.004576, 0.004494], "num_images": 1, "num_nodes": 6}