{"avg": 0.25544500000000003, "stddev": 0.00043735020292667365, "times": [0.254892, 0.25594, 0.255089, 0.255966, 0.255094, 0.255916, 0.25518, 0.255113, 0.25606, 0.2552], "num_images": 1000, "num_nodes": 14}