{"avg": 0.0044824, "stddev": 4.487805699893882e-05, "times": [0.004553, 0.004531, 0.004443, 0.004445, 0.004509, 0.004411, 0.004536, 0.004464, 0.004478, 0.004454], "num_images": 1, "num_nodes": 40}