{"avg": 0.11806350000000002, "stddev": 0.018216082324418716, "times": [0.131923, 0.128624, 0.128576, 0.091224, 0.130333, 0.130707, 0.08963, 0.12987, 0.129766, 0.089982], "num_images": 100, "num_nodes": 33}