{"avg": 0.1248766, "stddev": 0.00035402773902619476, "times": [0.125806, 0.124649, 0.1249, 0.124639, 0.124921, 0.124874, 0.124943, 0.124464, 0.124994, 0.124576], "num_images": 500, "num_nodes": 25}