{"avg": 0.10906089999999999, "stddev": 0.026563827865915712, "times": [0.125827, 0.123844, 0.126095, 0.069011, 0.130184, 0.125843, 0.067933, 0.130272, 0.122648, 0.068952], "num_images": 100, "num_nodes": 30}