{"avg": 0.1907202, "stddev": 0.0007315245450427513, "times": [0.191134, 0.192361, 0.190323, 0.189485, 0.190627, 0.19118, 0.190594, 0.190353, 0.190131, 0.191014], "num_images": 500, "num_nodes": 11}