{"avg": 0.0046532000000000006, "stddev": 4.884014741992486e-05, "times": [0.004764, 0.004663, 0.00471, 0.004605, 0.004597, 0.004645, 0.004647, 0.004665, 0.004613, 0.004623], "num_images": 10, "num_nodes": 30}