{"avg": 0.13132850000000001, "stddev": 0.003831784682103104, "times": [0.127292, 0.134824, 0.128425, 0.134938, 0.127421, 0.134857, 0.127261, 0.136176, 0.127242, 0.134849], "num_images": 1000, "num_nodes": 29}