{"avg": 4.008084, "stddev": 0.016328682861762, "times": [4.02272, 4.00652, 4.01607, 4.00785, 4.01616, 4.00799, 4.01635, 3.96156, 4.01745, 4.00817], "num_images": 10000, "num_nodes": 9}