{"avg": 1.147621, "stddev": 0.0019780518193414265, "times": [1.1469, 1.14698, 1.1464, 1.14958, 1.14623, 1.15289, 1.14629, 1.14693, 1.14672, 1.14729], "num_images": 10000, "num_nodes": 32}