{"avg": 0.10906020000000001, "stddev": 0.026242293847146825, "times": [0.128092, 0.068061, 0.129658, 0.071325, 0.123662, 0.12241, 0.068225, 0.13101, 0.12279, 0.125369], "num_images": 100, "num_nodes": 32}