{"avg": 2.2366919999999997, "stddev": 0.0012991520311340943, "times": [2.23667, 2.23675, 2.2362, 2.23415, 2.23642, 2.23712, 2.23673, 2.23627, 2.2368, 2.23981], "num_images": 10000, "num_nodes": 16}