{"avg": 0.1327444, "stddev": 0.002558167203292231, "times": [0.13258, 0.136771, 0.132756, 0.130253, 0.134189, 0.130192, 0.13766, 0.131064, 0.131779, 0.1302], "num_images": 1000, "num_nodes": 40}