{"avg": 0.10243189999999999, "stddev": 0.02709060936357837, "times": [0.126962, 0.120642, 0.072762, 0.122942, 0.120403, 0.130168, 0.068951, 0.125391, 0.068059, 0.068039], "num_images": 50, "num_nodes": 13}