{"avg": 0.0044794, "stddev": 8.71621477477466e-05, "times": [0.004687, 0.004559, 0.004396, 0.004494, 0.004532, 0.00443, 0.00446, 0.004415, 0.004419, 0.004402], "num_images": 1, "num_nodes": 11}