{"avg": 0.0044865, "stddev": 6.065682154547831e-05, "times": [0.004632, 0.00452, 0.004493, 0.004391, 0.004516, 0.004488, 0.004467, 0.004454, 0.004434, 0.00447], "num_images": 1, "num_nodes": 13}