{"avg": 0.004678099999999999, "stddev": 8.228055663399471e-05, "times": [0.004896, 0.00461, 0.00468, 0.004591, 0.004665, 0.004638, 0.004654, 0.004625, 0.004729, 0.004693], "num_images": 5, "num_nodes": 27}