{"avg": 0.06570780000000001, "stddev": 0.0002754668038076457, "times": [0.065976, 0.066232, 0.065532, 0.065552, 0.065363, 0.065967, 0.065901, 0.065436, 0.065648, 0.065471], "num_images": 10, "num_nodes": 9}