{"avg": 0.1150139, "stddev": 0.019762784993264487, "times": [0.127859, 0.126896, 0.119325, 0.123941, 0.081899, 0.123659, 0.127511, 0.125062, 0.12367, 0.070317], "num_images": 100, "num_nodes": 14}