{"avg": 0.1082519, "stddev": 0.024373207964689426, "times": [0.124314, 0.125731, 0.06877, 0.125949, 0.076371, 0.123101, 0.124996, 0.068758, 0.126465, 0.118064], "num_images": 100, "num_nodes": 24}