{"avg": 0.0843043, "stddev": 0.02652045754903184, "times": [0.125087, 0.068051, 0.066725, 0.066623, 0.066671, 0.067895, 0.125278, 0.124039, 0.065724, 0.06695], "num_images": 10, "num_nodes": 3}