{"avg": 1.647396, "stddev": 0.0130735367823707, "times": [1.64412, 1.64254, 1.63633, 1.64504, 1.64418, 1.64282, 1.64582, 1.64266, 1.6859, 1.64455], "num_images": 10000, "num_nodes": 22}