{"avg": 0.12401029999999999, "stddev": 0.016450103477182138, "times": [0.139753, 0.137138, 0.127709, 0.102341, 0.136445, 0.125932, 0.13662, 0.097168, 0.137261, 0.099736], "num_images": 500, "num_nodes": 36}