{"avg": 1.075106, "stddev": 0.0059780719299787856, "times": [1.07075, 1.06893, 1.07026, 1.07008, 1.08375, 1.0859, 1.07867, 1.07238, 1.07965, 1.07069], "num_images": 10000, "num_nodes": 35}