{"avg": 0.06588970000000001, "stddev": 0.0004947276119239769, "times": [0.066115, 0.066253, 0.065557, 0.065429, 0.065278, 0.065753, 0.065562, 0.065756, 0.066137, 0.067057], "num_images": 5, "num_nodes": 4}