{"avg": 0.11533919999999998, "stddev": 0.02096224528909058, "times": [0.124803, 0.126178, 0.069573, 0.129918, 0.07805, 0.126452, 0.128556, 0.122234, 0.123512, 0.124116], "num_images": 100, "num_nodes": 18}