{"avg": 0.004416399999999999, "stddev": 7.707035746640844e-05, "times": [0.004493, 0.004519, 0.00439, 0.00448, 0.004396, 0.004523, 0.004363, 0.004322, 0.004376, 0.004302], "num_images": 1, "num_nodes": 27}