{"avg": 0.06856999999999999, "stddev": 0.00025724890670321534, "times": [0.068686, 0.068154, 0.068588, 0.068991, 0.068345, 0.068365, 0.068798, 0.068875, 0.068325, 0.068573], "num_images": 50, "num_nodes": 40}