{"avg": 1.0815329999999999, "stddev": 0.0020589174339929244, "times": [1.08192, 1.08297, 1.07581, 1.08151, 1.08146, 1.08306, 1.08286, 1.08128, 1.08116, 1.0833], "num_images": 5000, "num_nodes": 17}