{"avg": 0.8862941, "stddev": 0.0021678207236761953, "times": [0.886677, 0.884586, 0.892358, 0.884754, 0.886642, 0.884976, 0.886525, 0.885057, 0.88623, 0.885136], "num_images": 5000, "num_nodes": 21}