{"avg": 0.004591900000000001, "stddev": 6.883378530925047e-05, "times": [0.004729, 0.004519, 0.004637, 0.004504, 0.004608, 0.004536, 0.004623, 0.004511, 0.004638, 0.004614], "num_images": 5, "num_nodes": 24}