{"avg": 0.0046452, "stddev": 9.500294732270144e-05, "times": [0.004893, 0.004582, 0.004653, 0.004571, 0.004612, 0.004547, 0.004653, 0.004584, 0.004643, 0.004714], "num_images": 10, "num_nodes": 37}