{"avg": 0.0669206, "stddev": 0.0009251871378267205, "times": [0.066279, 0.065968, 0.067898, 0.067938, 0.065884, 0.065901, 0.068009, 0.067648, 0.06768, 0.066001], "num_images": 50, "num_nodes": 32}