{"avg": 0.0046529, "stddev": 0.00012376303971703347, "times": [0.004935, 0.004553, 0.004674, 0.004548, 0.004674, 0.004529, 0.004764, 0.004505, 0.004699, 0.004648], "num_images": 5, "num_nodes": 10}