{"avg": 0.8158527, "stddev": 0.0003027642812486329, "times": [0.816626, 0.816111, 0.815522, 0.815927, 0.815699, 0.815758, 0.815767, 0.815607, 0.815849, 0.815661], "num_images": 5000, "num_nodes": 23}