{"avg": 3.574827, "stddev": 0.0012420551517545984, "times": [3.57157, 3.57438, 3.57431, 3.57541, 3.57509, 3.57443, 3.57541, 3.57577, 3.57608, 3.57582], "num_images": 5000, "num_nodes": 5}