{"avg": 0.11253779999999998, "stddev": 0.02013825223697429, "times": [0.128943, 0.119578, 0.132508, 0.1181, 0.121134, 0.073433, 0.07326, 0.122829, 0.117859, 0.117734], "num_images": 100, "num_nodes": 8}