{"avg": 0.11930559999999998, "stddev": 0.018056981781017556, "times": [0.155804, 0.095859, 0.123705, 0.13011, 0.095004, 0.09578, 0.124319, 0.12339, 0.12357, 0.125515], "num_images": 500, "num_nodes": 28}