{"avg": 0.06599790000000001, "stddev": 0.00034143680235147554, "times": [0.066584, 0.066443, 0.065778, 0.066228, 0.065491, 0.066042, 0.065628, 0.065678, 0.06615, 0.065957], "num_images": 5, "num_nodes": 3}