{"avg": 0.25216039999999995, "stddev": 0.00049574574128277, "times": [0.252449, 0.252567, 0.251958, 0.252569, 0.25165, 0.252668, 0.251716, 0.25153, 0.252909, 0.251588], "num_images": 1000, "num_nodes": 17}