{"avg": 3.6871920000000005, "stddev": 0.0034977301210927843, "times": [3.6883, 3.68361, 3.69203, 3.68908, 3.6875, 3.68357, 3.6921, 3.68857, 3.68641, 3.68075], "num_images": 10000, "num_nodes": 10}