{"avg": 0.004640199999999999, "stddev": 0.00010032826122284787, "times": [0.004911, 0.004559, 0.004621, 0.004593, 0.004578, 0.004592, 0.004726, 0.004578, 0.004617, 0.004627], "num_images": 5, "num_nodes": 34}