{"avg": 0.2540675, "stddev": 0.0005429593447027153, "times": [0.254222, 0.254824, 0.253531, 0.254736, 0.253497, 0.254547, 0.253796, 0.253388, 0.25458, 0.253554], "num_images": 500, "num_nodes": 7}