{"avg": 0.0897326, "stddev": 0.028301820617055714, "times": [0.066403, 0.126254, 0.124845, 0.066973, 0.122804, 0.065965, 0.066166, 0.123606, 0.067333, 0.066977], "num_images": 50, "num_nodes": 23}