{"avg": 17.94942, "stddev": 0.1399711241649511, "times": [17.5297, 17.9974, 17.9982, 17.9874, 17.9955, 17.9897, 17.9993, 17.9968, 18.0028, 17.9974], "num_images": 10000, "num_nodes": 2}