{"avg": 1.2129109999999999, "stddev": 0.0008076936300355785, "times": [1.2135, 1.21308, 1.21297, 1.21186, 1.21216, 1.21452, 1.21318, 1.21182, 1.21246, 1.21356], "num_images": 5000, "num_nodes": 15}