{"avg": 0.0045045, "stddev": 5.26293644270952e-05, "times": [0.004638, 0.004497, 0.004513, 0.004541, 0.004466, 0.004516, 0.004444, 0.004455, 0.004495, 0.00448], "num_images": 1, "num_nodes": 31}