{"avg": 0.06662970000000001, "stddev": 0.000558059862380373, "times": [0.065912, 0.066765, 0.067057, 0.06703, 0.065613, 0.067043, 0.067124, 0.066825, 0.067054, 0.065874], "num_images": 10, "num_nodes": 6}