{"avg": 0.1766627, "stddev": 0.0007269507617438723, "times": [0.178833, 0.176321, 0.176476, 0.176359, 0.176447, 0.176438, 0.176466, 0.176571, 0.176339, 0.176377], "num_images": 1000, "num_nodes": 33}