{"avg": 0.11243619999999999, "stddev": 0.019510344034895946, "times": [0.154823, 0.121787, 0.124137, 0.094794, 0.094639, 0.095412, 0.125014, 0.094318, 0.123256, 0.096182], "num_images": 100, "num_nodes": 6}