{"avg": 0.11386450000000001, "stddev": 0.023353974660643956, "times": [0.127396, 0.121714, 0.068179, 0.128452, 0.121733, 0.125444, 0.066543, 0.126326, 0.125192, 0.127666], "num_images": 100, "num_nodes": 27}