{"avg": 0.004611699999999999, "stddev": 7.864356299151247e-05, "times": [0.00473, 0.004497, 0.004698, 0.004568, 0.004575, 0.004559, 0.004605, 0.004523, 0.004724, 0.004638], "num_images": 5, "num_nodes": 12}