{"avg": 0.0044862, "stddev": 5.8283445333988406e-05, "times": [0.004629, 0.004511, 0.004447, 0.004524, 0.004517, 0.004452, 0.004455, 0.004421, 0.004468, 0.004438], "num_images": 1, "num_nodes": 22}