{"avg": 1.2320829999999998, "stddev": 0.00121577999654543, "times": [1.23349, 1.23134, 1.23234, 1.2315, 1.23139, 1.23107, 1.23265, 1.2349, 1.23123, 1.23092], "num_images": 10000, "num_nodes": 40}