{"avg": 0.004692400000000001, "stddev": 0.00014037677870645115, "times": [0.005094, 0.004612, 0.004712, 0.004618, 0.004682, 0.004557, 0.004692, 0.004643, 0.004658, 0.004656], "num_images": 10, "num_nodes": 32}