{"avg": 0.10866390000000001, "stddev": 0.02571728859522325, "times": [0.123408, 0.121447, 0.126721, 0.068945, 0.127868, 0.125896, 0.071454, 0.125502, 0.068076, 0.127322], "num_images": 100, "num_nodes": 29}