{"avg": 0.0045910000000000005, "stddev": 8.049968944039476e-05, "times": [0.004754, 0.004528, 0.004617, 0.004574, 0.004588, 0.004473, 0.004635, 0.004476, 0.004613, 0.004652], "num_images": 10, "num_nodes": 15}