{"avg": 0.4686079, "stddev": 0.008707740412414695, "times": [0.470778, 0.466995, 0.476262, 0.472961, 0.470903, 0.466975, 0.476211, 0.4729, 0.444349, 0.467745], "num_images": 500, "num_nodes": 4}