{"avg": 0.10750660000000001, "stddev": 0.025834251896271355, "times": [0.126659, 0.121647, 0.069104, 0.125276, 0.121686, 0.126391, 0.124457, 0.067343, 0.124583, 0.06792], "num_images": 100, "num_nodes": 28}