{"avg": 0.10940150000000001, "stddev": 0.026442870019156395, "times": [0.126046, 0.121839, 0.127456, 0.068225, 0.127609, 0.125676, 0.068229, 0.128365, 0.070945, 0.129625], "num_images": 100, "num_nodes": 31}