{"avg": 0.0044449, "stddev": 5.08398465772664e-05, "times": [0.004506, 0.004519, 0.004405, 0.00446, 0.004409, 0.004457, 0.004335, 0.00443, 0.004477, 0.004451], "num_images": 1, "num_nodes": 30}