{"avg": 0.0046335, "stddev": 4.655802830876738e-05, "times": [0.004742, 0.004621, 0.004676, 0.004558, 0.004624, 0.004645, 0.004636, 0.004593, 0.004622, 0.004618], "num_images": 5, "num_nodes": 32}