{"avg": 0.0686871, "stddev": 0.00033108773761648177, "times": [0.06857, 0.068164, 0.069209, 0.068864, 0.068526, 0.068394, 0.069076, 0.06908, 0.068413, 0.068575], "num_images": 50, "num_nodes": 35}