{"avg": 0.1052668, "stddev": 0.027573396638064015, "times": [0.129667, 0.128597, 0.127893, 0.128861, 0.123819, 0.127656, 0.071757, 0.071557, 0.07167, 0.071191], "num_images": 100, "num_nodes": 10}