{"avg": 0.5755189999999999, "stddev": 0.0025509630338364357, "times": [0.574132, 0.57941, 0.573963, 0.573815, 0.573692, 0.579302, 0.573783, 0.573975, 0.573603, 0.579515], "num_images": 5000, "num_nodes": 32}