{"avg": 0.1264089, "stddev": 0.0004652608838060645, "times": [0.126742, 0.126572, 0.126806, 0.126505, 0.125992, 0.126473, 0.125713, 0.127196, 0.125649, 0.126441], "num_images": 1000, "num_nodes": 31}