{"avg": 0.7628194, "stddev": 0.0004491410023589555, "times": [0.762567, 0.76237, 0.763141, 0.762532, 0.762662, 0.763721, 0.762724, 0.762628, 0.763499, 0.76235], "num_images": 5000, "num_nodes": 24}