{"avg": 1.4716159999999998, "stddev": 0.011971914800899621, "times": [1.46765, 1.46593, 1.46866, 1.46735, 1.46766, 1.46714, 1.46888, 1.46858, 1.50744, 1.46687], "num_images": 10000, "num_nodes": 25}