{"avg": 0.0045862, "stddev": 7.70931903607574e-05, "times": [0.004715, 0.004625, 0.004625, 0.004529, 0.004581, 0.00445, 0.004604, 0.00447, 0.004626, 0.004637], "num_images": 5, "num_nodes": 15}