{"avg": 0.11499299999999998, "stddev": 0.023360758883221238, "times": [0.126753, 0.122885, 0.068351, 0.126282, 0.068894, 0.127847, 0.132416, 0.122647, 0.124064, 0.129791], "num_images": 100, "num_nodes": 22}