{"avg": 0.004479800000000001, "stddev": 6.0911082735410354e-05, "times": [0.004635, 0.004494, 0.004467, 0.004487, 0.004379, 0.004478, 0.004453, 0.004492, 0.004472, 0.004441], "num_images": 1, "num_nodes": 35}