{"avg": 0.12424970000000002, "stddev": 0.014497878003694198, "times": [0.139587, 0.127412, 0.119773, 0.138496, 0.12631, 0.125158, 0.098642, 0.14343, 0.124034, 0.099655], "num_images": 500, "num_nodes": 37}