{"avg": 0.004630799999999999, "stddev": 6.621147936725166e-05, "times": [0.004787, 0.004586, 0.004625, 0.004592, 0.004587, 0.004574, 0.004633, 0.004591, 0.004724, 0.004609], "num_images": 5, "num_nodes": 31}