{"avg": 0.0044792, "stddev": 6.628846053424372e-05, "times": [0.004554, 0.004511, 0.004483, 0.004517, 0.004446, 0.004474, 0.004542, 0.004429, 0.00452, 0.004316], "num_images": 1, "num_nodes": 17}