{"avg": 0.0045061, "stddev": 3.9662198627912716e-05, "times": [0.004576, 0.004578, 0.004516, 0.004496, 0.00447, 0.004482, 0.004483, 0.004488, 0.004517, 0.004455], "num_images": 1, "num_nodes": 15}