{"avg": 0.1011581, "stddev": 0.02798149840323066, "times": [0.123342, 0.120052, 0.066682, 0.124621, 0.066873, 0.125967, 0.067253, 0.124652, 0.066939, 0.1252], "num_images": 50, "num_nodes": 21}