{"avg": 0.004643099999999999, "stddev": 9.037527316694532e-05, "times": [0.004834, 0.004629, 0.004636, 0.004558, 0.004607, 0.004519, 0.00472, 0.004551, 0.004724, 0.004653], "num_images": 5, "num_nodes": 28}