{"avg": 0.0661696, "stddev": 0.00040911494717255396, "times": [0.066028, 0.066549, 0.065827, 0.067099, 0.065984, 0.066513, 0.065607, 0.066047, 0.066037, 0.066005], "num_images": 10, "num_nodes": 5}