{"avg": 0.0044540000000000005, "stddev": 6.0871996845840235e-05, "times": [0.004484, 0.004519, 0.004426, 0.004529, 0.004394, 0.004507, 0.004384, 0.004513, 0.004431, 0.004353], "num_images": 1, "num_nodes": 34}