{"avg": 0.0046730999999999995, "stddev": 0.00012511310882557422, "times": [0.005031, 0.004624, 0.00468, 0.004584, 0.004634, 0.004589, 0.004709, 0.004595, 0.004652, 0.004633], "num_images": 5, "num_nodes": 40}