{"avg": 0.10911879999999999, "stddev": 0.026856899425659695, "times": [0.125753, 0.121235, 0.067732, 0.124776, 0.132642, 0.127601, 0.128355, 0.068527, 0.125907, 0.06866], "num_images": 100, "num_nodes": 21}