{"avg": 0.07242440000000001, "stddev": 0.017542652166648007, "times": [0.06668, 0.067158, 0.065879, 0.066087, 0.065994, 0.067251, 0.065943, 0.067156, 0.125028, 0.067068], "num_images": 10, "num_nodes": 4}