{"avg": 0.11590560000000001, "stddev": 0.02200877481914884, "times": [0.127647, 0.123663, 0.126448, 0.068659, 0.128757, 0.129115, 0.131022, 0.123873, 0.075845, 0.124027], "num_images": 50, "num_nodes": 10}