{"avg": 0.7016036000000001, "stddev": 0.0007814082415741567, "times": [0.701872, 0.702548, 0.702548, 0.700378, 0.700661, 0.702245, 0.70213, 0.70123, 0.70061, 0.701814], "num_images": 5000, "num_nodes": 27}