{"avg": 7.138195000000001, "stddev": 0.001054506993812854, "times": [7.13626, 7.13674, 7.13992, 7.13775, 7.13784, 7.13826, 7.13902, 7.13852, 7.13838, 7.13926], "num_images": 10000, "num_nodes": 5}