{"avg": 0.0044770999999999995, "stddev": 4.0988900936716995e-05, "times": [0.004554, 0.004457, 0.004476, 0.004467, 0.004495, 0.004464, 0.004482, 0.004525, 0.004459, 0.004392], "num_images": 1, "num_nodes": 19}