{"avg": 0.06648479999999998, "stddev": 0.0004293415423645832, "times": [0.067236, 0.066616, 0.066942, 0.066782, 0.066071, 0.066013, 0.06681, 0.066355, 0.066009, 0.066014], "num_images": 50, "num_nodes": 28}