{"avg": 0.0663759, "stddev": 0.0004998646716862479, "times": [0.067329, 0.067124, 0.066319, 0.066608, 0.066057, 0.065799, 0.066157, 0.066563, 0.065956, 0.065847], "num_images": 50, "num_nodes": 27}