{"avg": 0.0046285, "stddev": 5.439898896119309e-05, "times": [0.004712, 0.004646, 0.0047, 0.004567, 0.004592, 0.004548, 0.004658, 0.004568, 0.004661, 0.004633], "num_images": 10, "num_nodes": 19}