{"avg": 0.0045851, "stddev": 6.171782562598913e-05, "times": [0.004715, 0.004556, 0.004608, 0.004506, 0.004597, 0.004496, 0.004605, 0.004532, 0.004626, 0.00461], "num_images": 5, "num_nodes": 13}