{"avg": 0.6281631999999999, "stddev": 0.0008461711174460913, "times": [0.627345, 0.628405, 0.628653, 0.626036, 0.628632, 0.628837, 0.628903, 0.627794, 0.628693, 0.628334], "num_images": 5000, "num_nodes": 38}