{"avg": 0.19044719999999998, "stddev": 0.0006754578891389177, "times": [0.190411, 0.191997, 0.190271, 0.189332, 0.190559, 0.190807, 0.190575, 0.190161, 0.189679, 0.19068], "num_images": 1000, "num_nodes": 26}