{"avg": 1.2066789999999998, "stddev": 0.0008043313993622335, "times": [1.20764, 1.20746, 1.20648, 1.20625, 1.20615, 1.2081, 1.20653, 1.20542, 1.20582, 1.20694], "num_images": 1000, "num_nodes": 3}