{"avg": 0.31369389999999997, "stddev": 0.00024226904465902345, "times": [0.314333, 0.313545, 0.313413, 0.313726, 0.313766, 0.313613, 0.313517, 0.313597, 0.313822, 0.313607], "num_images": 1000, "num_nodes": 13}