{"avg": 0.0045022, "stddev": 5.9084346488727445e-05, "times": [0.004659, 0.004488, 0.004525, 0.004484, 0.004446, 0.00445, 0.004529, 0.004467, 0.004465, 0.004509], "num_images": 1, "num_nodes": 4}