{"avg": 0.0046370000000000005, "stddev": 0.00010373427591688314, "times": [0.004832, 0.004548, 0.004707, 0.004506, 0.004688, 0.004531, 0.00472, 0.004506, 0.004662, 0.00467], "num_images": 10, "num_nodes": 17}