{"avg": 0.9064475, "stddev": 0.00422388101750037, "times": [0.910991, 0.901798, 0.910449, 0.901566, 0.910409, 0.901687, 0.910496, 0.904931, 0.910489, 0.901659], "num_images": 5000, "num_nodes": 20}