{"avg": 0.0665446, "stddev": 0.0005361763142847718, "times": [0.06661, 0.067038, 0.066683, 0.06666, 0.066018, 0.067082, 0.066373, 0.06744, 0.065756, 0.065786], "num_images": 50, "num_nodes": 26}