{"avg": 0.172506, "stddev": 0.011886920173030523, "times": [0.17673, 0.176615, 0.176387, 0.176411, 0.176437, 0.176415, 0.17639, 0.136847, 0.176305, 0.176523], "num_images": 1000, "num_nodes": 34}