{"avg": 0.12215229999999999, "stddev": 0.01591491908901833, "times": [0.134048, 0.123286, 0.125945, 0.075204, 0.129047, 0.128532, 0.125592, 0.127215, 0.123985, 0.128669], "num_images": 100, "num_nodes": 20}