{"avg": 0.11967130000000001, "stddev": 0.01699912321297778, "times": [0.127698, 0.123583, 0.120805, 0.123749, 0.126553, 0.126449, 0.12603, 0.124048, 0.1287, 0.069098], "num_images": 100, "num_nodes": 17}