{"avg": 0.12644100000000003, "stddev": 0.002171487877009679, "times": [0.126958, 0.124957, 0.126218, 0.125818, 0.126379, 0.124714, 0.132412, 0.124802, 0.127228, 0.124924], "num_images": 500, "num_nodes": 21}