{"avg": 0.004656, "stddev": 5.449770637375495e-05, "times": [0.004765, 0.004613, 0.004677, 0.004667, 0.004675, 0.004546, 0.004693, 0.004621, 0.004639, 0.004664], "num_images": 10, "num_nodes": 23}