{"avg": 1.497274, "stddev": 0.0009779079711301978, "times": [1.49999, 1.49742, 1.4964, 1.49663, 1.49704, 1.49751, 1.49661, 1.49676, 1.49691, 1.49747], "num_images": 10000, "num_nodes": 33}