{"avg": 0.0685124, "stddev": 0.00023477487088698336, "times": [0.068441, 0.068232, 0.068426, 0.068894, 0.068585, 0.068371, 0.068673, 0.068859, 0.068509, 0.068134], "num_images": 50, "num_nodes": 33}