{"avg": 35.295100000000005, "stddev": 0.06582944629875016, "times": [35.2655, 35.266, 35.2623, 35.2775, 35.2683, 35.342, 35.4746, 35.3045, 35.2474, 35.2429], "num_images": 10000, "num_nodes": 1}