{"avg": 0.6281467, "stddev": 0.0007931834655361934, "times": [0.629772, 0.627287, 0.62844, 0.627513, 0.628847, 0.627478, 0.628499, 0.627443, 0.62875, 0.627438], "num_images": 500, "num_nodes": 3}