{"avg": 0.19830689999999998, "stddev": 0.003638190634092719, "times": [0.196859, 0.201299, 0.202151, 0.192528, 0.195919, 0.202565, 0.200845, 0.19267, 0.196905, 0.201328], "num_images": 1000, "num_nodes": 22}