{"avg": 0.10218589999999998, "stddev": 0.027676105106932945, "times": [0.123621, 0.122107, 0.067103, 0.067222, 0.125492, 0.125963, 0.124529, 0.071139, 0.126765, 0.067918], "num_images": 50, "num_nodes": 18}