{"avg": 0.004652600000000001, "stddev": 8.856432690423385e-05, "times": [0.004909, 0.004625, 0.004648, 0.004608, 0.004597, 0.004641, 0.004656, 0.004576, 0.004638, 0.004628], "num_images": 10, "num_nodes": 39}