{"avg": 0.0044714, "stddev": 9.914454094906091e-05, "times": [0.004701, 0.004344, 0.004515, 0.004398, 0.00452, 0.004493, 0.004404, 0.004518, 0.00436, 0.004461], "num_images": 1, "num_nodes": 12}