{"avg": 0.2533954, "stddev": 0.00023721053939486483, "times": [0.254062, 0.25334, 0.253179, 0.253368, 0.253286, 0.253444, 0.253171, 0.253385, 0.253347, 0.253372], "num_images": 500, "num_nodes": 8}