{"avg": 0.12770040000000002, "stddev": 0.011354199700551333, "times": [0.137433, 0.137524, 0.13179, 0.126027, 0.133471, 0.127622, 0.133221, 0.126679, 0.127372, 0.095865], "num_images": 500, "num_nodes": 39}