{"avg": 0.19050630000000002, "stddev": 0.0006839428411789985, "times": [0.190314, 0.191925, 0.190289, 0.189368, 0.190799, 0.191059, 0.190443, 0.190293, 0.189675, 0.190898], "num_images": 500, "num_nodes": 10}