{"avg": 0.12425320000000002, "stddev": 0.0005373944175370622, "times": [0.12563, 0.124126, 0.123904, 0.123955, 0.124768, 0.123943, 0.123939, 0.123755, 0.124425, 0.124087], "num_images": 100, "num_nodes": 5}