{"avg": 0.004604499999999999, "stddev": 8.934791547652352e-05, "times": [0.004776, 0.004451, 0.004611, 0.004519, 0.004662, 0.004575, 0.004658, 0.004511, 0.004664, 0.004618], "num_images": 5, "num_nodes": 11}