{"avg": 0.0046225, "stddev": 0.00010860041436385053, "times": [0.004842, 0.004541, 0.004681, 0.004493, 0.004614, 0.004514, 0.004727, 0.004493, 0.004643, 0.004677], "num_images": 10, "num_nodes": 11}