{"avg": 0.004600000000000001, "stddev": 7.156954659630034e-05, "times": [0.004745, 0.004527, 0.004639, 0.004546, 0.004595, 0.004545, 0.004658, 0.004489, 0.004636, 0.00462], "num_images": 5, "num_nodes": 9}