{"avg": 0.10872129999999999, "stddev": 0.024631151991127007, "times": [0.126856, 0.123547, 0.123793, 0.075909, 0.124063, 0.129478, 0.122382, 0.068912, 0.123156, 0.069117], "num_images": 50, "num_nodes": 9}