{"avg": 1.536336, "stddev": 0.00042668958271792313, "times": [1.53737, 1.53564, 1.53644, 1.5362, 1.53617, 1.53634, 1.53638, 1.53619, 1.53601, 1.53662], "num_images": 5000, "num_nodes": 12}