{"avg": 3.69213, "stddev": 0.003389082471702321, "times": [3.69693, 3.68801, 3.69631, 3.69319, 3.69057, 3.68816, 3.69628, 3.69304, 3.69101, 3.6878], "num_images": 1000, "num_nodes": 1}