{"avg": 0.6282066000000001, "stddev": 0.0008551532260361301, "times": [0.629976, 0.627379, 0.628721, 0.627366, 0.628734, 0.627501, 0.628809, 0.627427, 0.628687, 0.627466], "num_images": 1000, "num_nodes": 6}