{"avg": 0.11193, "stddev": 0.026802349564916877, "times": [0.131028, 0.126661, 0.069572, 0.132337, 0.127601, 0.127151, 0.073684, 0.130291, 0.070055, 0.13092], "num_images": 100, "num_nodes": 35}