{"avg": 17.52923, "stddev": 0.0057114008789439195, "times": [17.521, 17.5174, 17.5268, 17.5283, 17.5313, 17.5303, 17.534, 17.5331, 17.5344, 17.5357], "num_images": 5000, "num_nodes": 1}