{"avg": 0.1272861, "stddev": 0.0033868313937956804, "times": [0.126845, 0.124877, 0.13458, 0.124821, 0.12651, 0.124806, 0.126226, 0.133127, 0.126341, 0.124728], "num_images": 500, "num_nodes": 18}