{"avg": 1.331428, "stddev": 0.0014445331425758173, "times": [1.33561, 1.33124, 1.33184, 1.33038, 1.33095, 1.33099, 1.33097, 1.33047, 1.33091, 1.33092], "num_images": 10000, "num_nodes": 36}