{"avg": 0.1062969, "stddev": 0.02905497612268852, "times": [0.131432, 0.126681, 0.070531, 0.131756, 0.127704, 0.069028, 0.130106, 0.073486, 0.132131, 0.070114], "num_images": 100, "num_nodes": 38}