{"avg": 0.004642799999999999, "stddev": 5.379182093961878e-05, "times": [0.004728, 0.004655, 0.00466, 0.004575, 0.004625, 0.004548, 0.004651, 0.004645, 0.004617, 0.004724], "num_images": 5, "num_nodes": 30}