{"avg": 0.25367209999999996, "stddev": 0.0005046359975269193, "times": [0.254084, 0.254268, 0.253226, 0.254119, 0.253294, 0.254246, 0.253024, 0.253068, 0.254123, 0.253269], "num_images": 1000, "num_nodes": 16}