{"avg": 0.5769001, "stddev": 0.002490633913283927, "times": [0.576195, 0.574818, 0.575738, 0.575603, 0.575598, 0.581867, 0.575699, 0.57581, 0.575864, 0.581809], "num_images": 5000, "num_nodes": 31}