{"avg": 2.552278, "stddev": 0.000589250371234499, "times": [2.55385, 2.5524, 2.55259, 2.55221, 2.55223, 2.55168, 2.5522, 2.55189, 2.55175, 2.55198], "num_images": 5000, "num_nodes": 7}