{"avg": 0.7537915999999999, "stddev": 0.00044211948611207934, "times": [0.754789, 0.754138, 0.75383, 0.753629, 0.753692, 0.753682, 0.753757, 0.753713, 0.752907, 0.753779], "num_images": 5000, "num_nodes": 25}