{"avg": 0.17252719999999996, "stddev": 0.011920330698432822, "times": [0.176818, 0.17649, 0.176524, 0.136768, 0.176359, 0.176462, 0.176526, 0.176392, 0.176418, 0.176515], "num_images": 1000, "num_nodes": 36}