{"avg": 1.899828, "stddev": 0.0008852773576682039, "times": [1.90016, 1.89829, 1.90076, 1.89855, 1.90086, 1.89936, 1.90079, 1.89927, 1.90041, 1.89983], "num_images": 10000, "num_nodes": 19}