{"avg": 0.1254182, "stddev": 0.0006965540610749462, "times": [0.126286, 0.124672, 0.126659, 0.124775, 0.125746, 0.124688, 0.125671, 0.124949, 0.125942, 0.124794], "num_images": 500, "num_nodes": 19}