{"avg": 0.1768082, "stddev": 0.000790064782153972, "times": [0.179046, 0.177307, 0.176379, 0.176369, 0.176621, 0.176463, 0.176475, 0.176411, 0.176473, 0.176538], "num_images": 1000, "num_nodes": 38}