{"avg": 0.004668599999999999, "stddev": 7.08846951040913e-05, "times": [0.004785, 0.004709, 0.00472, 0.004658, 0.004602, 0.004551, 0.004729, 0.004569, 0.00469, 0.004673], "num_images": 10, "num_nodes": 22}