{"avg": 0.0046473, "stddev": 9.355431577431381e-05, "times": [0.004917, 0.004602, 0.004638, 0.004565, 0.004643, 0.004601, 0.004642, 0.004588, 0.004636, 0.004641], "num_images": 10, "num_nodes": 31}