{"avg": 0.3779153, "stddev": 0.001020189693145355, "times": [0.380072, 0.377036, 0.378464, 0.377072, 0.378562, 0.376875, 0.378635, 0.377032, 0.378438, 0.376967], "num_images": 1000, "num_nodes": 11}