{"avg": 0.0046411, "stddev": 0.00010567256029831037, "times": [0.004937, 0.004561, 0.004632, 0.004594, 0.004605, 0.004539, 0.004651, 0.004585, 0.004646, 0.004661], "num_images": 10, "num_nodes": 38}