{"avg": 0.12668649999999998, "stddev": 0.001993538926131113, "times": [0.128059, 0.12603, 0.127294, 0.126696, 0.127645, 0.124493, 0.126142, 0.124489, 0.131378, 0.124639], "num_images": 500, "num_nodes": 24}