{"avg": 0.004596599999999999, "stddev": 5.693364558852686e-05, "times": [0.004722, 0.004553, 0.00463, 0.004533, 0.004584, 0.004531, 0.004625, 0.004543, 0.004614, 0.004631], "num_images": 5, "num_nodes": 16}