{"avg": 0.0044773, "stddev": 4.3389053919162674e-05, "times": [0.00457, 0.004514, 0.004461, 0.004456, 0.004438, 0.004486, 0.00441, 0.004494, 0.004501, 0.004443], "num_images": 1, "num_nodes": 29}