{"avg": 0.0663429, "stddev": 0.0005428127577719588, "times": [0.066105, 0.06669, 0.066114, 0.066163, 0.065909, 0.066088, 0.066341, 0.067586, 0.065563, 0.06687], "num_images": 10, "num_nodes": 7}