{"avg": 0.004665900000000001, "stddev": 0.00010505565191839966, "times": [0.004885, 0.004564, 0.004638, 0.004576, 0.004643, 0.004512, 0.004768, 0.00463, 0.004744, 0.004699], "num_images": 10, "num_nodes": 25}