{"avg": 0.004492899999999999, "stddev": 2.7376815008324124e-05, "times": [0.004554, 0.004478, 0.004507, 0.004508, 0.004476, 0.004517, 0.004486, 0.00448, 0.004467, 0.004456], "num_images": 1, "num_nodes": 38}