{"avg": 2.5791199999999996, "stddev": 0.034219404728896174, "times": [2.56445, 2.56475, 2.68066, 2.56415, 2.56519, 2.56489, 2.57232, 2.56593, 2.56762, 2.58124], "num_images": 10000, "num_nodes": 14}