{"avg": 0.12723, "stddev": 0.0008379392579417633, "times": [0.127744, 0.126533, 0.127966, 0.126399, 0.127002, 0.126392, 0.128489, 0.128551, 0.126921, 0.126303], "num_images": 1000, "num_nodes": 30}