{"avg": 5.101253000000001, "stddev": 0.0009169738273255744, "times": [5.09981, 5.1005, 5.09985, 5.10076, 5.10168, 5.10151, 5.10172, 5.10242, 5.10187, 5.10241], "num_images": 10000, "num_nodes": 7}