{"avg": 0.0046110000000000005, "stddev": 5.9045744977940585e-05, "times": [0.004726, 0.004562, 0.004677, 0.004561, 0.004591, 0.004531, 0.004631, 0.004554, 0.004624, 0.004653], "num_images": 5, "num_nodes": 23}