{"avg": 0.0044441, "stddev": 7.063632210131004e-05, "times": [0.004557, 0.004473, 0.004371, 0.004468, 0.004339, 0.004503, 0.004331, 0.004499, 0.004452, 0.004448], "num_images": 1, "num_nodes": 32}