{"avg": 0.8173394, "stddev": 0.0003805895952335021, "times": [0.818149, 0.817466, 0.816631, 0.816936, 0.817184, 0.817322, 0.817402, 0.817501, 0.817243, 0.81756], "num_images": 5000, "num_nodes": 22}