{"avg": 0.0044519, "stddev": 6.130815606426275e-05, "times": [0.004501, 0.004525, 0.004361, 0.004384, 0.004524, 0.004502, 0.004451, 0.004477, 0.004361, 0.004433], "num_images": 1, "num_nodes": 23}