{"avg": 0.13736510000000002, "stddev": 0.0175926089961097, "times": [0.186616, 0.124549, 0.124278, 0.141683, 0.126733, 0.128463, 0.138908, 0.13575, 0.139871, 0.1268], "num_images": 500, "num_nodes": 35}