{"avg": 0.12544639999999999, "stddev": 0.000822721240761412, "times": [0.127219, 0.124833, 0.124734, 0.124957, 0.126138, 0.124825, 0.126022, 0.124912, 0.126126, 0.124698], "num_images": 500, "num_nodes": 22}