{"avg": 0.1255199, "stddev": 0.0007247331163952731, "times": [0.126234, 0.124804, 0.126712, 0.12468, 0.126148, 0.124813, 0.12595, 0.125014, 0.126034, 0.12481], "num_images": 500, "num_nodes": 17}