{"avg": 0.0044275, "stddev": 7.093271459629886e-05, "times": [0.004513, 0.00451, 0.004379, 0.004491, 0.004367, 0.004486, 0.004316, 0.00442, 0.004461, 0.004332], "num_images": 1, "num_nodes": 36}