{"avg": 0.1918158, "stddev": 0.0010111996637657665, "times": [0.191696, 0.19361, 0.190502, 0.190921, 0.192238, 0.192821, 0.190293, 0.192145, 0.191332, 0.1926], "num_images": 1000, "num_nodes": 20}