{"avg": 0.004475, "stddev": 0.00011330225063960554, "times": [0.004742, 0.00443, 0.004465, 0.004311, 0.004564, 0.004526, 0.00439, 0.004461, 0.004375, 0.004486], "num_images": 1, "num_nodes": 3}