{"avg": 0.0044340000000000004, "stddev": 6.379028139144716e-05, "times": [0.004395, 0.004458, 0.00438, 0.004499, 0.004402, 0.004527, 0.00433, 0.004522, 0.004448, 0.004379], "num_images": 1, "num_nodes": 18}