{"avg": 0.10340849999999999, "stddev": 0.02855557538642848, "times": [0.127089, 0.12742, 0.06892, 0.12624, 0.068206, 0.129593, 0.124882, 0.068766, 0.124982, 0.067987], "num_images": 50, "num_nodes": 8}