{"avg": 0.0044851, "stddev": 5.900415239625083e-05, "times": [0.004638, 0.004516, 0.004473, 0.004481, 0.004452, 0.004417, 0.004423, 0.004483, 0.004465, 0.004503], "num_images": 1, "num_nodes": 2}