{"avg": 0.004497900000000001, "stddev": 2.2478656543485828e-05, "times": [0.004512, 0.004464, 0.004509, 0.004493, 0.004496, 0.004526, 0.004495, 0.004483, 0.004465, 0.004536], "num_images": 1, "num_nodes": 28}