{"avg": 0.0796692, "stddev": 0.02374441144269531, "times": [0.067777, 0.068219, 0.066921, 0.125926, 0.068279, 0.12834, 0.066678, 0.068121, 0.06795, 0.068481], "num_images": 5, "num_nodes": 1}