{"avg": 0.2502522, "stddev": 0.0003293711584216224, "times": [0.251095, 0.25011, 0.250236, 0.250186, 0.250177, 0.250353, 0.250341, 0.250141, 0.249696, 0.250187], "num_images": 1000, "num_nodes": 18}