{"avg": 0.24977330000000003, "stddev": 0.00033609226411805546, "times": [0.250755, 0.249613, 0.249708, 0.249568, 0.249661, 0.249621, 0.249843, 0.249576, 0.249666, 0.249722], "num_images": 500, "num_nodes": 9}