{"avg": 1.2736189999999998, "stddev": 0.0007572641547042776, "times": [1.27402, 1.27283, 1.27328, 1.27338, 1.27371, 1.27283, 1.27524, 1.27464, 1.27313, 1.27313], "num_images": 10000, "num_nodes": 28}