{"avg": 0.1270961, "stddev": 0.010958237481000312, "times": [0.136363, 0.132673, 0.12787, 0.097095, 0.135577, 0.128367, 0.122769, 0.123542, 0.133408, 0.133297], "num_images": 500, "num_nodes": 40}