{"avg": 0.066368, "stddev": 0.00045396982278561105, "times": [0.066508, 0.067186, 0.067107, 0.066499, 0.066229, 0.065775, 0.0662, 0.06625, 0.066147, 0.065779], "num_images": 50, "num_nodes": 25}