{"avg": 0.102406, "stddev": 0.02727454450948723, "times": [0.126709, 0.121474, 0.067649, 0.127221, 0.072742, 0.125425, 0.067856, 0.123304, 0.068141, 0.123539], "num_images": 50, "num_nodes": 14}