{"avg": 0.1247482, "stddev": 0.00029515683966325763, "times": [0.125565, 0.124765, 0.124551, 0.124746, 0.124576, 0.124595, 0.12455, 0.124568, 0.12492, 0.124646], "num_images": 500, "num_nodes": 26}