{"avg": 2.10173, "stddev": 0.002850905119431319, "times": [2.10108, 2.10256, 2.09351, 2.1036, 2.10287, 2.10405, 2.1019, 2.10293, 2.10256, 2.10224], "num_images": 10000, "num_nodes": 17}