{"avg": 0.13502699999999998, "stddev": 0.0161124515328984, "times": [0.141703, 0.154005, 0.096856, 0.139701, 0.123315, 0.142078, 0.140758, 0.120963, 0.151686, 0.139205], "num_images": 500, "num_nodes": 31}