{"avg": 0.38739029999999997, "stddev": 0.004522124103781331, "times": [0.393293, 0.382944, 0.391531, 0.38288, 0.39144, 0.382968, 0.391593, 0.382744, 0.391565, 0.382945], "num_images": 1000, "num_nodes": 10}