{"avg": 0.0695628, "stddev": 0.00149351463333976, "times": [0.068467, 0.073569, 0.069677, 0.068739, 0.069824, 0.068254, 0.069853, 0.069234, 0.069946, 0.068065], "num_images": 50, "num_nodes": 39}