{"avg": 1.7832060000000003, "stddev": 0.0005662543598066237, "times": [1.78334, 1.78233, 1.78326, 1.783, 1.78295, 1.78467, 1.78316, 1.78339, 1.7831, 1.78286], "num_images": 5000, "num_nodes": 10}