{"avg": 0.7110283999999999, "stddev": 0.0005539276487051187, "times": [0.712625, 0.710848, 0.710802, 0.711226, 0.71067, 0.710969, 0.710825, 0.710704, 0.710908, 0.710707], "num_images": 5000, "num_nodes": 37}