{"avg": 0.0044497, "stddev": 8.487761777995421e-05, "times": [0.004633, 0.004427, 0.004484, 0.004504, 0.004373, 0.004457, 0.004347, 0.004487, 0.004324, 0.004461], "num_images": 1, "num_nodes": 39}