{"avg": 0.0874028, "stddev": 0.02506962669367057, "times": [0.128751, 0.071409, 0.070888, 0.126304, 0.069706, 0.071245, 0.121788, 0.071145, 0.071396, 0.071396], "num_images": 50, "num_nodes": 5}