{"avg": 0.0044813, "stddev": 6.525342902867249e-05, "times": [0.004625, 0.004444, 0.004424, 0.004497, 0.004492, 0.004533, 0.004522, 0.004383, 0.004431, 0.004462], "num_images": 1, "num_nodes": 24}