{"avg": 0.004470699999999999, "stddev": 5.017579097532986e-05, "times": [0.004482, 0.004516, 0.004535, 0.004447, 0.004494, 0.004397, 0.004495, 0.004367, 0.004502, 0.004472], "num_images": 1, "num_nodes": 16}