{"avg": 0.1401377, "stddev": 0.019752363539839987, "times": [0.153703, 0.156153, 0.096935, 0.154445, 0.126504, 0.156149, 0.123845, 0.153774, 0.124184, 0.155685], "num_images": 500, "num_nodes": 29}