{"avg": 0.0044599, "stddev": 6.982900543470462e-05, "times": [0.004548, 0.004545, 0.004331, 0.004444, 0.004478, 0.004416, 0.004464, 0.004507, 0.004507, 0.004359], "num_images": 1, "num_nodes": 7}