{"avg": 0.0046017, "stddev": 8.449384592974793e-05, "times": [0.004821, 0.004576, 0.004615, 0.004522, 0.004575, 0.00453, 0.004626, 0.00451, 0.004605, 0.004637], "num_images": 5, "num_nodes": 14}