{"avg": 0.12550560000000002, "stddev": 0.0008548947537562763, "times": [0.126475, 0.124649, 0.127005, 0.125599, 0.126073, 0.124275, 0.125636, 0.125493, 0.125578, 0.124273], "num_images": 100, "num_nodes": 3}