{"avg": 0.004680999999999999, "stddev": 8.737619813198563e-05, "times": [0.004913, 0.004617, 0.004709, 0.004617, 0.004626, 0.004585, 0.004709, 0.004664, 0.004675, 0.004695], "num_images": 10, "num_nodes": 40}