{"avg": 4.416971, "stddev": 0.0026178710816233916, "times": [4.41768, 4.41589, 4.41809, 4.40956, 4.41824, 4.41712, 4.4191, 4.41763, 4.41893, 4.41747], "num_images": 5000, "num_nodes": 4}