{"avg": 0.8830423, "stddev": 0.0020977643838143594, "times": [0.883112, 0.88006, 0.882029, 0.881656, 0.881854, 0.886026, 0.881695, 0.886188, 0.881821, 0.885982], "num_images": 500, "num_nodes": 2}