{"avg": 0.1274851, "stddev": 0.000718941645754366, "times": [0.128165, 0.126753, 0.128854, 0.126757, 0.127912, 0.126751, 0.127879, 0.127133, 0.127921, 0.126726], "num_images": 1000, "num_nodes": 28}