{"avg": 0.0046423, "stddev": 0.00010085935752323642, "times": [0.004909, 0.004565, 0.004667, 0.004567, 0.004682, 0.004546, 0.004663, 0.004567, 0.004651, 0.004606], "num_images": 5, "num_nodes": 37}