{"avg": 0.06691169999999999, "stddev": 0.0009852886937339743, "times": [0.066262, 0.065825, 0.067779, 0.068076, 0.066034, 0.067428, 0.067926, 0.068149, 0.06574, 0.065898], "num_images": 50, "num_nodes": 30}