{"avg": 0.1088711, "stddev": 0.025361263759718283, "times": [0.126998, 0.126714, 0.068611, 0.125161, 0.123591, 0.121928, 0.073806, 0.126952, 0.12659, 0.06836], "num_images": 100, "num_nodes": 25}