{"avg": 0.1898007, "stddev": 0.0008410015517227096, "times": [0.189728, 0.191752, 0.189527, 0.188543, 0.189916, 0.190428, 0.189527, 0.189545, 0.18885, 0.190191], "num_images": 500, "num_nodes": 12}