{"avg": 0.004659600000000001, "stddev": 6.075722179296869e-05, "times": [0.004804, 0.004622, 0.004679, 0.004614, 0.004681, 0.00459, 0.004691, 0.004596, 0.00469, 0.004629], "num_images": 5, "num_nodes": 21}