{"avg": 0.376566, "stddev": 0.0009047128826318321, "times": [0.378242, 0.375789, 0.377295, 0.375653, 0.377245, 0.375653, 0.377261, 0.37563, 0.377048, 0.375844], "num_images": 100, "num_nodes": 1}