{"avg": 0.0792549, "stddev": 0.022897860836549773, "times": [0.123981, 0.067053, 0.068618, 0.068236, 0.068335, 0.068156, 0.066837, 0.06718, 0.06808, 0.126073], "num_images": 10, "num_nodes": 2}