{"avg": 0.1224698, "stddev": 0.020719623504301423, "times": [0.14169, 0.123673, 0.119182, 0.142175, 0.08575, 0.142569, 0.121843, 0.137878, 0.083517, 0.126421], "num_images": 500, "num_nodes": 32}