{"avg": 0.1145901, "stddev": 0.020931470772260603, "times": [0.129913, 0.129354, 0.121631, 0.128632, 0.073593, 0.121545, 0.072772, 0.122271, 0.122777, 0.123413], "num_images": 50, "num_nodes": 4}