{"avg": 2.986219, "stddev": 0.003765685727726111, "times": [2.99131, 2.98262, 2.98969, 2.98383, 2.98325, 2.98269, 2.99088, 2.98368, 2.99125, 2.98299], "num_images": 5000, "num_nodes": 6}