{"avg": 0.1056151, "stddev": 0.03197051427315488, "times": [0.176193, 0.078537, 0.077944, 0.077572, 0.133595, 0.116718, 0.119335, 0.076312, 0.121627, 0.078318], "num_images": 100, "num_nodes": 7}