{"avg": 1.2148200000000002, "stddev": 0.0008528892073417018, "times": [1.21481, 1.21516, 1.21341, 1.2149, 1.21508, 1.21639, 1.21358, 1.21425, 1.21493, 1.21569], "num_images": 10000, "num_nodes": 30}