{"avg": 0.1157947, "stddev": 0.02213099878473631, "times": [0.130155, 0.12498, 0.072435, 0.127693, 0.121636, 0.127014, 0.071521, 0.131734, 0.121698, 0.129081], "num_images": 100, "num_nodes": 9}