{"avg": 0.0046483, "stddev": 9.3200912012705e-05, "times": [0.004905, 0.00461, 0.004624, 0.004628, 0.004643, 0.004547, 0.004688, 0.004571, 0.004644, 0.004623], "num_images": 5, "num_nodes": 39}