{"avg": 0.06601900000000001, "stddev": 0.0004933672060443428, "times": [0.065867, 0.066604, 0.0656, 0.065855, 0.065712, 0.065837, 0.06541, 0.067141, 0.066307, 0.065857], "num_images": 10, "num_nodes": 8}