{"avg": 0.12534849999999997, "stddev": 0.0006216575021665844, "times": [0.126436, 0.125007, 0.12542, 0.124828, 0.12563, 0.124806, 0.125497, 0.124708, 0.126407, 0.124746], "num_images": 500, "num_nodes": 23}