{"avg": 0.10490959999999998, "stddev": 0.02858959138637697, "times": [0.129101, 0.070145, 0.128119, 0.06948, 0.127674, 0.07062, 0.12511, 0.130055, 0.129319, 0.069473], "num_images": 50, "num_nodes": 6}