{"avg": 0.0046811000000000005, "stddev": 7.465982855592429e-05, "times": [0.004875, 0.004651, 0.004682, 0.004611, 0.004656, 0.004613, 0.004738, 0.004627, 0.0047, 0.004658], "num_images": 10, "num_nodes": 21}