{"avg": 0.7055906000000001, "stddev": 0.0011832279746523868, "times": [0.706849, 0.707249, 0.704668, 0.704893, 0.705276, 0.706809, 0.703173, 0.705673, 0.704993, 0.706323], "num_images": 5000, "num_nodes": 26}