{"avg": 1.77288, "stddev": 0.0004750368406765699, "times": [1.77388, 1.77315, 1.77287, 1.7726, 1.77233, 1.7734, 1.77225, 1.77285, 1.77252, 1.77295], "num_images": 1000, "num_nodes": 2}