{"avg": 0.1308636, "stddev": 0.004454538813390223, "times": [0.135759, 0.126246, 0.136074, 0.126253, 0.134877, 0.126193, 0.134886, 0.127225, 0.134875, 0.126248], "num_images": 500, "num_nodes": 14}