{"avg": 0.1123753, "stddev": 0.026326732938403125, "times": [0.131018, 0.072339, 0.131224, 0.128593, 0.126686, 0.130591, 0.06933, 0.128206, 0.075117, 0.130649], "num_images": 100, "num_nodes": 39}