{"avg": 0.004616, "stddev": 4.4643028571099363e-05, "times": [0.004711, 0.004618, 0.004613, 0.004557, 0.004613, 0.004555, 0.004638, 0.004582, 0.004661, 0.004612], "num_images": 5, "num_nodes": 19}