{"avg": 1.2692200000000002, "stddev": 0.00041441525068460985, "times": [1.26904, 1.26897, 1.26963, 1.26941, 1.26889, 1.26882, 1.26883, 1.27012, 1.26955, 1.26894], "num_images": 10000, "num_nodes": 29}