{"avg": 5.838241, "stddev": 0.0008825695440020594, "times": [5.83676, 5.83737, 5.83817, 5.83781, 5.83792, 5.8381, 5.83831, 5.83992, 5.83854, 5.83951], "num_images": 5000, "num_nodes": 3}