{"avg": 1.6384610000000002, "stddev": 0.003336763252015367, "times": [1.63811, 1.63548, 1.63635, 1.64442, 1.63642, 1.63662, 1.63771, 1.63678, 1.64552, 1.6372], "num_images": 5000, "num_nodes": 11}