{"avg": 0.0046484000000000004, "stddev": 9.428488744226181e-05, "times": [0.004898, 0.004621, 0.00464, 0.004563, 0.004604, 0.004542, 0.004668, 0.0046, 0.004698, 0.00465], "num_images": 10, "num_nodes": 35}