{"avg": 0.0044441, "stddev": 0.00010539777037489917, "times": [0.004598, 0.004625, 0.004376, 0.004426, 0.004302, 0.004501, 0.00436, 0.004418, 0.00451, 0.004325], "num_images": 1, "num_nodes": 9}