{"avg": 0.004697499999999999, "stddev": 0.00012660509468421884, "times": [0.005059, 0.004572, 0.004714, 0.004632, 0.004681, 0.004641, 0.00467, 0.004628, 0.004696, 0.004682], "num_images": 10, "num_nodes": 27}