{"avg": 0.4688353, "stddev": 0.007961512042947622, "times": [0.47124, 0.467004, 0.476399, 0.472953, 0.447149, 0.467102, 0.476262, 0.472847, 0.470426, 0.466971], "num_images": 1000, "num_nodes": 8}