{"avg": 0.06885839999999999, "stddev": 0.0006033206775836547, "times": [0.068657, 0.06864, 0.070072, 0.068982, 0.068599, 0.068337, 0.069849, 0.068944, 0.068238, 0.068266], "num_images": 50, "num_nodes": 37}