{"avg": 0.1082619, "stddev": 0.02613483284603137, "times": [0.127701, 0.120373, 0.069036, 0.128304, 0.122398, 0.128817, 0.127058, 0.068436, 0.122312, 0.068184], "num_images": 50, "num_nodes": 11}