{"avg": 0.18703209999999998, "stddev": 0.0004095701283052763, "times": [0.188087, 0.187501, 0.186842, 0.186716, 0.186965, 0.186781, 0.186968, 0.186791, 0.18686, 0.18681], "num_images": 1000, "num_nodes": 27}