{"avg": 0.105355, "stddev": 0.028310508571906652, "times": [0.129181, 0.126685, 0.071153, 0.131123, 0.070936, 0.070595, 0.130552, 0.125725, 0.070254, 0.127346], "num_images": 100, "num_nodes": 11}