{"avg": 0.066944, "stddev": 0.0009823325302564286, "times": [0.066314, 0.065809, 0.068184, 0.068059, 0.067626, 0.065877, 0.067915, 0.067748, 0.066078, 0.06583], "num_images": 50, "num_nodes": 29}