{"avg": 0.37747650000000005, "stddev": 0.002024759800568953, "times": [0.383236, 0.376773, 0.377672, 0.376057, 0.377487, 0.376602, 0.377542, 0.376017, 0.377444, 0.375935], "num_images": 500, "num_nodes": 5}