{"avg": 0.07771030000000002, "stddev": 0.01118108690646844, "times": [0.068871, 0.068239, 0.068682, 0.069069, 0.068392, 0.068259, 0.091352, 0.092034, 0.091207, 0.090998], "num_images": 50, "num_nodes": 34}