{"avg": 0.12562799999999996, "stddev": 0.0035317378724928003, "times": [0.128571, 0.128708, 0.127346, 0.123583, 0.118647, 0.128658, 0.122215, 0.129252, 0.127374, 0.121926], "num_images": 100, "num_nodes": 12}