{"avg": 0.004602799999999999, "stddev": 7.063398615397559e-05, "times": [0.004686, 0.004532, 0.004699, 0.004535, 0.004578, 0.004522, 0.004679, 0.004513, 0.004645, 0.004639], "num_images": 10, "num_nodes": 13}