{
  "rank": 1,
  "shape": [
    64
  ],
  "dtype": "float64",
  "data": [
    -0.06400435417890549,
    0.02700967527925968,
    -0.07132931053638458,
    -0.07339019328355789,
    0.02174367755651474,
    -0.006768554449081421,
    0.024508915841579437,
    -0.07495500892400742,
    0.02894766442477703,
    -0.05110280588269234,
    -0.01829051971435547,
    0.035976964980363846,
    0.03723924607038498,
    -0.09089421480894089,
    0.0842907726764679,
    0.08885794878005981,
    0.04846148192882538,
    -0.013783958740532398,
    -0.04396669939160347,
    0.012839648872613907,
    0.04648316279053688,
    0.04103042557835579,
    -0.03428313508629799,
    -0.006477667484432459,
    -0.0163551215082407,
    0.01605958305299282,
    0.05081120505928993,
    0.09675872325897217,
    -0.053762465715408325,
    -0.07025125622749329,
    0.01450298074632883,
    -0.048499882221221924,
    0.02671034075319767,
    0.01731920801103115,
    -0.010464341379702091,
    0.028419042006134987,
    -0.032130155712366104,
    -0.03586916625499725,
    0.11758943647146225,
    -0.005868979264050722,
    0.02984318882226944,
    -0.06233364716172218,
    -0.049719471484422684,
    -0.017404524609446526,
    -0.016682401299476624,
    -0.05489502102136612,
    -0.04370551183819771,
    -0.038650237023830414,
    -0.009984582662582397,
    -0.060316018760204315,
    0.04525637999176979,
    0.13410413265228271,
    0.06097610294818878,
    0.020695578306913376,
    -0.018674153834581375,
    -0.06386923044919968,
    0.05009356886148453,
    0.00041002812213264406,
    0.06847608834505081,
    -0.005949351005256176,
    0.04306725785136223,
    0.03648649528622627,
    0.027871768921613693,
    -0.026003824546933174
  ]
}