{
  "rank": 4,
  "shape": [
    32,
    1,
    3,
    3
  ],
  "dtype": "float64",
  "data": [
    [
      [
        [
          0.2437244951725006,
          -0.17915908992290497,
          -0.2372027337551117
        ],
        [
          0.1539611518383026,
          -0.3400392234325409,
          0.22807328402996063
        ],
        [
          -0.10936681181192398,
          0.188334658741951,
          0.10409975051879883
        ]
      ]
    ],
    [
      [
        [
          -0.09228640049695969,
          0.0784495621919632,
          0.07954409718513489
        ],
        [
          0.06189250573515892,
          -0.2485000342130661,
          -0.16905547678470612
        ],
        [
          -0.09465683996677399,
          0.03706390783190727,
          -0.06043427065014839
        ]
      ]
    ],
    [
      [
        [
          0.39921531081199646,
          0.17365692555904388,
          -0.18723510205745697
        ],
        [
          -0.17175818979740143,
          -0.2029544860124588,
          -0.34015095233917236
        ],
        [
          -0.07117199897766113,
          0.042979080229997635,
          0.33658844232559204
        ]
      ]
    ],
    [
      [
        [
          0.18423160910606384,
          -0.2825652062892914,
          0.24183465540409088
        ],
        [
          0.02594440057873726,
          0.3165980875492096,
          0.2711426317691803
        ],
        [
          -0.49133291840553284,
          -0.4822542667388916,
          -0.255667507648468
        ]
      ]
    ],
    [
      [
        [
          0.1897473782300949,
          -0.0296696238219738,
          0.2909204065799713
        ],
        [
          -0.16069486737251282,
          0.32555943727493286,
          -0.22691243886947632
        ],
        [
          0.23874613642692566,
          -0.07397603988647461,
          -0.41826310753822327
        ]
      ]
    ],
    [
      [
        [
          0.11720133572816849,
          -0.1425861418247223,
          0.14921808242797852
        ],
        [
          -0.1721925139427185,
          -0.17033538222312927,
          -0.36639463901519775
        ],
        [
          -0.19496408104896545,
          0.06707864254713058,
          -0.03707947954535484
        ]
      ]
    ],
    [
      [
        [
          0.3034043312072754,
          0.19180621206760406,
          -0.10409129410982132
        ],
        [
          -0.2917483448982239,
          0.12659554183483124,
          0.02135055884718895
        ],
        [
          -0.3170672357082367,
          0.12919263541698456,
          0.17548933625221252
        ]
      ]
    ],
    [
      [
        [
          0.5066206455230713,
          -0.19094157218933105,
          -0.26898592710494995
        ],
        [
          0.11286506801843643,
          0.03059193678200245,
          -0.3823021948337555
        ],
        [
          -0.2178722470998764,
          0.20746465027332306,
          -0.02408379316329956
        ]
      ]
    ],
    [
      [
        [
          0.210996612906456,
          0.03964588791131973,
          0.11607971787452698
        ],
        [
          0.05120661482214928,
          0.08750978857278824,
          0.1222783625125885
        ],
        [
          -0.35059303045272827,
          0.12834790349006653,
          -0.2618767023086548
        ]
      ]
    ],
    [
      [
        [
          -0.484372615814209,
          -0.13464340567588806,
          -0.1367630660533905
        ],
        [
          0.2007969319820404,
          -0.168868288397789,
          -0.31808432936668396
        ],
        [
          0.305126428604126,
          0.05405479297041893,
          0.2727418541908264
        ]
      ]
    ],
    [
      [
        [
          0.19800043106079102,
          -0.1958472728729248,
          0.0327090285718441
        ],
        [
          0.24613042175769806,
          -0.23896096646785736,
          -0.3438892066478729
        ],
        [
          0.24905449151992798,
          0.08383221179246902,
          -0.10772064328193665
        ]
      ]
    ],
    [
      [
        [
          -0.20851682126522064,
          0.250663697719574,
          -0.1685285121202469
        ],
        [
          0.10457755625247955,
          0.1461680829524994,
          -0.3709063231945038
        ],
        [
          -0.36926665902137756,
          0.372903972864151,
          0.0358806811273098
        ]
      ]
    ],
    [
      [
        [
          0.1846417337656021,
          0.006209355778992176,
          0.11741209775209427
        ],
        [
          0.15054933726787567,
          0.12850497663021088,
          -0.40858975052833557
        ],
        [
          -0.02219342440366745,
          0.10710707306861877,
          0.08642959594726562
        ]
      ]
    ],
    [
      [
        [
          0.10734466463327408,
          -0.43559780716896057,
          -0.328075647354126
        ],
        [
          -0.348420649766922,
          -0.0027234561275690794,
          0.419315904378891
        ],
        [
          -0.16044768691062927,
          0.29345646500587463,
          -0.15124017000198364
        ]
      ]
    ],
    [
      [
        [
          -0.5278264880180359,
          -0.17892856895923615,
          0.17978766560554504
        ],
        [
          0.25277483463287354,
          -0.17015106976032257,
          0.08146952837705612
        ],
        [
          0.2644258141517639,
          0.1733083426952362,
          0.05717657878994942
        ]
      ]
    ],
    [
      [
        [
          0.2537372410297394,
          0.33514532446861267,
          0.21053911745548248
        ],
        [
          -0.35501113533973694,
          -0.22107553482055664,
          -0.1967243105173111
        ],
        [
          -0.0777265727519989,
          -0.12891671061515808,
          0.035835955291986465
        ]
      ]
    ],
    [
      [
        [
          -0.0009858121629804373,
          -0.15188392996788025,
          0.10219640284776688
        ],
        [
          0.037764161825180054,
          0.15260429680347443,
          0.20083226263523102
        ],
        [
          -0.20189730823040009,
          0.26325830817222595,
          -0.15580493211746216
        ]
      ]
    ],
    [
      [
        [
          -0.016299176961183548,
          -0.3526167869567871,
          -0.2612014412879944
        ],
        [
          -0.2306518703699112,
          -0.1338633894920349,
          0.3124716281890869
        ],
        [
          -0.2575214207172394,
          -0.2145959734916687,
          0.20933522284030914
        ]
      ]
    ],
    [
      [
        [
          0.270242303609848,
          0.37998276948928833,
          -0.07097537070512772
        ],
        [
          0.1753598302602768,
          -0.058296073228120804,
          -0.15939173102378845
        ],
        [
          -0.41955307126045227,
          -0.2516787648200989,
          -0.1919376403093338
        ]
      ]
    ],
    [
      [
        [
          0.07021832466125488,
          -0.04857705533504486,
          0.009701631031930447
        ],
        [
          0.25446951389312744,
          0.15690697729587555,
          0.083333820104599
        ],
        [
          -0.05623482167720795,
          -0.3657642602920532,
          0.1045847162604332
        ]
      ]
    ],
    [
      [
        [
          -0.04287714511156082,
          -0.1462695449590683,
          -0.3945627510547638
        ],
        [
          -0.05555852875113487,
          -0.2855549156665802,
          0.32448452711105347
        ],
        [
          -0.2747145891189575,
          -0.20393478870391846,
          0.033938195556402206
        ]
      ]
    ],
    [
      [
        [
          -0.22113239765167236,
          0.06441716104745865,
          -0.1777489334344864
        ],
        [
          -0.18483510613441467,
