{
  "rank": 1,
  "shape": [
    128
  ],
  "dtype": "float64",
  "data": [
    -0.0570964477956295,
    -0.007135367952287197,
    -0.008377627469599247,
    -0.062395647168159485,
    -0.06814321130514145,
    -0.09524497389793396,
    -0.008146477863192558,
    -0.07913608849048615,
    -0.0539727658033371,
    -0.007145457901060581,
    0.0034651716705411673,
    -0.026631295680999756,
    -0.042940035462379456,
    -0.0009414641535840929,
    -0.05684426426887512,
    0.0029544990975409746,
    -0.0747714415192604,
    -0.011569524183869362,
    -0.05466461181640625,
    -0.10290642827749252,
    -0.09359791874885559,
    -0.04562995582818985,
    -0.029225079342722893,
    -0.004883580841124058,
    -0.024670634418725967,
    -0.08702568709850311,
    -0.0440250001847744,
    -0.0907403752207756,
    -0.07348213344812393,
    -0.07776305824518204,
    -0.020839884877204895,
    -0.0473150908946991,
    8.857950160745531e-05,
    -0.034444659948349,
    -0.06857968121767044,
    -0.024638622999191284,
    -0.06666412949562073,
    -0.010763483121991158,
    0.010710355825722218,
    0.0006675960612483323,
    -0.04840468615293503,
    -0.04690992087125778,
    -0.0872020348906517,
    -0.029042333364486694,
    -0.01434758398681879,
    0.016002964228391647,
    -0.05165986716747284,
    0.017019981518387794,
    -0.029083440080285072,
    -0.009659651666879654,
    -0.0408661924302578,
    -0.04194330796599388,
    -0.06961766630411148,
    -0.07107575982809067,
    -0.0007469495176337659,
    -0.024050286039710045,
    0.007300775032490492,
    -0.11159007996320724,
    -0.05889006331562996,
    -0.1035495325922966,
    -0.049299225211143494,
    -0.10288691520690918,
    -0.009148088283836842,
    -0.017835749313235283,
    -0.03027939610183239,
    -0.03960483893752098,
    -0.041536517441272736,
    -0.06310876458883286,
    -0.10414762794971466,
    -0.10540305078029633,
    -0.02845763973891735,
    -0.023973828181624413,
    -0.06689311563968658,
    -0.052301496267318726,
    -0.04562651738524437,
    -0.07454729825258255,
    -0.01301782950758934,
    -0.05280350521206856,
    -0.056431397795677185,
    -0.11117181181907654,
    -0.048855867236852646,
    -0.0781281590461731,
    -0.05862509086728096,
    0.0048244004137814045,
    0.013870549388229847,
    -0.03435340151190758,
    -0.11218447238206863,
    -0.05691712722182274,
    -0.00710536353290081,
    -0.034426070749759674,
    -0.06923280656337738,
    0.0009849166963249445,
    -0.0347294919192791,
    -0.07083113491535187,
    -0.007462413981556892,
    -0.010158385150134563,
    0.022449156269431114,
    -0.09418203681707382,
    0.0056555625051259995,
    0.005591528955847025,
    -0.08706489205360413,
    -0.04194686561822891,
    -0.00614136690273881,
    8.163470192812383e-05,
    -0.10239794105291367,
    -0.07116208970546722,
    -0.008697033859789371,
    0.0018229687120765448,
    -0.09851979464292526,
    -0.0742712914943695,
    -0.030678479000926018,
    -0.06165566295385361,
    -0.011639446020126343,
    -0.04504356533288956,
    -0.000988529878668487,
    -0.06463731080293655,
    0.011626875028014183,
    0.010138981975615025,
    -0.0009678664500825107,
    -0.0584624782204628,
    -0.051943954080343246,
    0.0038369479589164257,
    0.005462966859340668,
    0.006836216896772385,
    -0.10686609894037247,
    -0.019857505336403847,
    -0.06409873813390732,
    -0.02840329334139824
  ]
}