{"avg": 1.9952400000000001, "stddev": 0.005532747961004563, "times": [2.00349, 2.00492, 1.99984, 1.99339, 1.98599, 1.99134, 1.99441, 1.99439, 1.9928, 1.99183]}