{"avg": 1.992112, "stddev": 0.0044797562433686235, "times": [2.00448, 1.99118, 1.98968, 1.99018, 1.98922, 1.99435, 1.99263, 1.98995, 1.99166, 1.98779]}