{"avg": 2.000039, "stddev": 0.024113097042893505, "times": [1.99821, 2.0665, 1.9849, 1.98276, 1.98553, 1.99033, 1.99006, 2.01721, 1.99753, 1.98736]}