{
  "rank": 1,
  "shape": [
    32
  ],
  "dtype": "float64",
  "data": [
    0.1834053248167038,
    0.31864500045776367,
    -0.15554675459861755,
    -0.20868074893951416,
    -0.3127517104148865,
    -0.008184513077139854,
    -0.013399641029536724,
    0.10589651763439178,
    0.013324379920959473,
    -0.05328500270843506,
    0.2075176239013672,
    0.08597203344106674,
    -0.12534408271312714,
    -0.07636316865682602,
    0.12860345840454102,
    -0.21917133033275604,
    -0.0103975934907794,
    0.3158199191093445,
    0.1347605437040329,
    -0.03823069855570793,
    -0.06318839639425278,
    -0.2124364823102951,
    -0.322394460439682,
    0.11407725512981415,
    0.274075448513031,
    -0.3107540011405945,
    0.012821952812373638,
    0.17752909660339355,
    -0.0428190641105175,
    0.28334707021713257,
    0.19722025096416473,
    -0.0033117930870503187
  ]
}