{
  "rank": 1,
  "shape": [
    32
  ],
  "dtype": "float64",
  "data": [
    0.1130291223526001,
    -0.1304243505001068,
    0.2723316550254822,
    -0.18177430331707,
    0.13535916805267334,
    0.24097585678100586,
    0.18150067329406738,
    -0.17607729136943817,
    0.0024334590416401625,
    -0.02897067926824093,
    0.2687201201915741,
    0.17130053043365479,
    -0.27375614643096924,
    -0.23103277385234833,
    -0.06689262390136719,
    -0.07773661613464355,
    -0.061891280114650726,
    0.05951058864593506,
    -0.29397183656692505,
    -0.059437792748212814,
    0.23975782096385956,
    -0.054440341889858246,
    -0.13085997104644775,
    0.0793781727552414,
    -0.15602605044841766,
    -0.11025528609752655,
    0.1329999417066574,
    -0.042597293853759766,
    0.30876991152763367,
    -0.26204097270965576,
    -0.13803450763225555,
    -0.052551113069057465
  ]
}