{
  "rank": 4,
  "shape": [
    32,
    1,
    3,
    3
  ],
  "dtype": "float64",
  "data": [
    [
      [
        [
          -0.22248303890228271,
          0.25316673517227173,
          -0.052243154495954514
        ],
        [
          0.05077175423502922,
          0.07585470378398895,
          -0.06327295303344727
        ],
        [
          0.14082221686840057,
          0.14262104034423828,
          -0.21741966903209686
        ]
      ]
    ],
    [
      [
        [
          0.21568596363067627,
          0.06393420696258545,
          0.11810048669576645
        ],
        [
          0.08179783821105957,
          -0.15917067229747772,
          0.23701874911785126
        ],
        [
          0.1908634603023529,
          -0.058949511498212814,
          0.21311864256858826
        ]
      ]
    ],
    [
      [
        [
          -0.10327156633138657,
          -0.10125967115163803,
          -0.17361044883728027
        ],
        [
          0.2944854497909546,
          0.09311147779226303,
          0.30246615409851074
        ],
        [
          0.14672867953777313,
          -0.23749995231628418,
          0.21792197227478027
        ]
      ]
    ],
    [
      [
        [
          -0.28214287757873535,
          0.09326756000518799,
          0.03275664895772934
        ],
        [
          -0.20759813487529755,
          -0.26579520106315613,
          -0.1943555772304535
        ],
        [
          -0.2727110981941223,
          0.10905560106039047,
          0.0052049956284463406
        ]
      ]
    ],
    [
      [
        [
          0.3154616951942444,
          -0.1499151885509491,
          0.22186538577079773
        ],
        [
          0.09315550327301025,
          -0.19299805164337158,
          -0.201973557472229
        ],
        [
          -0.14112317562103271,
          0.28748032450675964,
          0.09015314280986786
        ]
      ]
    ],
    [
      [
        [
          -0.09974145889282227,
          -0.20615863800048828,
          -0.17945043742656708
        ],
        [
          -0.12971484661102295,
          -0.32244592905044556,
          -0.2696715295314789
        ],
        [
          0.3194621205329895,
          0.23880302906036377,
          0.005423983093351126
        ]
      ]
    ],
    [
      [
        [
          -0.2794758975505829,
          -0.061852335929870605,
          -0.2727356553077698
        ],
        [
          -0.1399044245481491,
          -0.1411910057067871,
          0.2894800305366516
        ],
        [
          -0.30256402492523193,
          0.07074078172445297,
          -0.3209196925163269
        ]
      ]
    ],
    [
      [
        [
          0.21140313148498535,
          0.11177591979503632,
          0.1852966994047165
        ],
        [
          0.11017811298370361,
          0.23976373672485352,
          -0.310427725315094
        ],
        [
          -0.014315485954284668,
          0.1224270686507225,
          0.10781653970479965
        ]
      ]
    ],
    [
      [
        [
          -0.09835903346538544,
          -0.1925831288099289,
          -0.15559768676757812
        ],
        [
          0.04759009927511215,
          0.04719956964254379,
          -0.17535293102264404
        ],
        [
          0.20658859610557556,
          0.16319696605205536,
          -0.2848421037197113
        ]
      ]
    ],
    [
      [
        [
          -0.0527673177421093,
          -0.3162745237350464,
          0.3127758204936981
        ],
        [
          -0.015702923759818077,
          0.19196288287639618,
          -0.2026827037334442
        ],
        [
          0.011983394622802734,
          0.06810073554515839,
          0.2375049591064453
        ]
      ]
    ],
    [
      [
        [
          -0.23865187168121338,
          -0.33193692564964294,
          -0.0992567166686058
        ],
        [
          0.16981558501720428,
          0.13022267818450928,
          -0.31280553340911865
        ],
        [
          0.24711307883262634,
          0.15029971301555634,
          0.05946119874715805
        ]
      ]
    ],
    [
      [
        [
          0.2221314162015915,
          0.005340456962585449,
          -0.23428623378276825
        ],
        [
          0.03629648685455322,
          -0.01960953138768673,
          -0.24492093920707703
        ],
        [
          0.23968049883842468,
          -0.2537660002708435,
          -0.21023893356323242
        ]
      ]
    ],
    [
      [
        [
          0.03916987031698227,
          -0.20218507945537567,
          -0.2907904386520386
        ],
        [
          -0.24204322695732117,
          0.11034154891967773,
          -0.1515626162290573
        ],
        [
          -0.009174744598567486,
          -0.1230141744017601,
          -0.2330385446548462
        ]
      ]
    ],
    [
      [
        [
          -0.1438872069120407,
          0.21588265895843506,
          0.17246803641319275
        ],
        [
          -0.28994831442832947,
          0.19716772437095642,
          0.3210136294364929
        ],
        [
          -0.26793500781059265,
          0.03096882626414299,
          -0.25549012422561646
        ]
      ]
    ],
    [
      [
        [
          0.07980191707611084,
          0.05938522145152092,
          -0.10686147212982178
        ],
        [
          0.15498840808868408,
          -0.07243824005126953,
          0.04541901871562004
        ],
        [
          -0.06193288415670395,
          -0.19846713542938232,
          -0.10543327033519745
        ]
      ]
    ],
    [
      [
        [
          0.03751293942332268,
          0.033681195229291916,
          -0.051615796983242035
        ],
        [
          -0.1367936134338379,
          -0.013915538787841797,
          -0.045567791908979416
        ],
        [
          0.03945517539978027,
          0.2020861804485321,
          -0.11176268756389618
        ]
      ]
    ],
    [
      [
        [
          0.1424904763698578,
          0.04993418976664543,
          0.13687917590141296
        ],
        [
          -0.11093008518218994,
          0.05637931823730469,
          -0.24678874015808105
        ],
        [
          0.2735633850097656,
          0.3299964666366577,
          0.05028223991394043
        ]
      ]
    ],
    [
      [
        [
          0.24580363929271698,
          -0.10426640510559082,
          0.16697315871715546
        ],
        [
          -0.25630056858062744,
          -0.193296879529953,
          -0.1691190004348755
        ],
        [
          0.11799681186676025,
          -0.037088990211486816,
          0.18332982063293457
        ]
      ]
    ],
    [
      [
        [
          -0.18650373816490173,
          -0.3008785843849182,
          -2.5033950805664062e-05
        ],
        [
          0.1473921537399292,
          -0.10940556228160858,
          -0.07223550975322723
        ],
        [
          -0.027097424492239952,
          -0.05388998985290527,
          0.1263965368270874
        ]
      ]
    ],
    [
      [
        [
          -0.10941895097494125,
          -0.2948013246059418,
          -0.13996216654777527
        ],
        [
          -0.2582296133041382,
          0.17304234206676483,
          0.218092679977417
        ],
        [
          0.03672270104289055,
          0.30610987544059753,
          -0.03403282165527344
        ]
      ]
    ],
    [
      [
        [
          -0.1334737241268158,
          -0.31486350297927856,
          -0.2801351249217987
        ],
        [
          -0.1246994361281395,
          -0.3265220820903778,
          -0.26886308193206787
        ],
        [
          -0.12847670912742615,
          0.20564675331115723,
          0.3208104372024536
        ]
      ]
    ],
    [
      [
        [
          -0.04104197025299072,
          0.045972149819135666,
          0.3248916268348694
        ],
