{
  "rank": 1,
  "shape": [
    64
  ],
  "dtype": "float64",
  "data": [
    0.041038911789655685,
    0.0021429143380373716,
    -0.04043189436197281,
    -0.025214478373527527,
    0.055006738752126694,
    0.056489307433366776,
    -0.03964642435312271,
    -0.0229092575609684,
    0.04288530349731445,
    -0.011528708040714264,
    0.046345412731170654,
    0.006225869059562683,
    0.005759296473115683,
    -0.030211521312594414,
    -0.003104642266407609,
    -0.003175076562911272,
    -0.03694569692015648,
    -0.03202991187572479,
    -0.0392412394285202,
    0.0153406523168087,
    0.01955903135240078,
    -0.004277581814676523,
    -0.05817496404051781,
    -0.03580088913440704,
    0.03835039958357811,
    0.0175484512001276,
    -0.05625804141163826,
    -0.01848485693335533,
    0.034498460590839386,
    -0.05419231951236725,
    -0.008805706165730953,
    0.058878909796476364,
    0.01737358421087265,
    0.023557713255286217,
    -0.011916866526007652,
    0.049546197056770325,
    0.020778171718120575,
    0.05318035930395126,
    -0.04080002382397652,
    -0.04500726982951164,
    -0.04028317704796791,
    0.05699044093489647,
    0.012851831503212452,
    0.019289720803499222,
    0.05565737187862396,
    -0.022186437621712685,
    -0.018470216542482376,
    0.004920946434140205,
    -0.03520723804831505,
    0.042702626436948776,
    0.031046373769640923,
    0.009628517553210258,
    0.0003215453471057117,
    -0.024758491665124893,
    0.02479718253016472,
    -0.036135233938694,
    0.013425358571112156,
    -0.023634232580661774,
    -0.0293805543333292,
    0.01834600418806076,
    0.022295640781521797,
    0.002706207102164626,
    -0.04618408903479576,
    -0.05161001905798912
  ]
}