{
  "rank": 4,
  "shape": [
    32,
    1,
    3,
    3
  ],
  "dtype": "float64",
  "data": [
    [
      [
        [
          -0.21810588240623474,
          -0.256172776222229,
          -0.21618449687957764
        ],
        [
          -0.10660501569509506,
          0.024713993072509766,
          0.014693538658320904
        ],
        [
          0.3076106309890747,
          -0.235279843211174,
          0.2856748700141907
        ]
      ]
    ],
    [
      [
        [
          0.06767892837524414,
          0.20675015449523926,
          0.004047672264277935
        ],
        [
          0.16754934191703796,
          0.05739792436361313,
          0.13700076937675476
        ],
        [
          -0.2562059760093689,
          0.08331799507141113,
          -0.04367586225271225
        ]
      ]
    ],
    [
      [
        [
          0.28217482566833496,
          0.12690052390098572,
          -0.3148273229598999
        ],
        [
          -0.08624418824911118,
          0.1456540822982788,
          0.13850533962249756
        ],
        [
          0.08817295730113983,
          -0.26464805006980896,
          0.30333471298217773
        ]
      ]
    ],
    [
      [
        [
          0.021484574303030968,
          0.13287410140037537,
          0.06553896516561508
        ],
        [
          0.2584908604621887,
          -0.3302534520626068,
          -0.1865084171295166
        ],
        [
          -0.3241579532623291,
          -0.0013980468502268195,
          -0.00699015473946929
        ]
      ]
    ],
    [
      [
        [
          0.29187092185020447,
          0.30021044611930847,
          -0.14063668251037598
        ],
        [
          0.037761569023132324,
          -0.22693400084972382,
          -0.03630506992340088
        ],
        [
          0.3285030126571655,
          -0.008856336586177349,
          0.09330686181783676
        ]
      ]
    ],
    [
      [
        [
          0.3042137026786804,
          0.1816491335630417,
          0.04345738887786865
        ],
        [
          0.2144739329814911,
          0.1841152161359787,
          -0.07324989885091782
        ],
        [
          -0.11051762104034424,
          -0.2475576102733612,
          0.05267226696014404
        ]
      ]
    ],
    [
      [
        [
          0.059094905853271484,
          -0.23348093032836914,
          0.16489383578300476
        ],
        [
          -0.027185678482055664,
          -0.002969424007460475,
          -0.1164885014295578
        ],
        [
          -0.22402739524841309,
          -0.018527906388044357,
          -0.23272602260112762
        ]
      ]
    ],
    [
      [
        [
          -0.1221574991941452,
          -0.28282222151756287,
          0.07921802997589111
        ],
        [
          -0.06650678813457489,
          0.10849778354167938,
          0.09662298858165741
        ],
        [
          0.22619497776031494,
          -0.1965446174144745,
          0.24571260809898376
        ]
      ]
    ],
    [
      [
        [
          0.3079632520675659,
          -0.3215542435646057,
          0.2920290231704712
        ],
        [
          -0.2284596860408783,
          0.19117841124534607,
          -0.2440350502729416
        ],
        [
          0.081634521484375,
          -0.31724125146865845,
          0.10912322998046875
        ]
      ]
    ],
    [
      [
        [
          0.1539062261581421,
          0.09425350278615952,
          0.04260353371500969
        ],
        [
          0.15448987483978271,
          0.07657568156719208,
          0.3156364858150482
        ],
        [
          -0.274412602186203,
          -0.1294737309217453,
          -0.03982452675700188
        ]
      ]
    ],
    [
      [
        [
          -0.20516471564769745,
          0.2403576374053955,
          -0.21439163386821747
        ],
        [
          0.3252356946468353,
          -0.20121455192565918,
          -0.05786776542663574
        ],
        [
          -0.1540830135345459,
          0.19283179938793182,
          0.257480263710022
        ]
      ]
    ],
    [
      [
        [
          -0.11167526245117188,
          -0.31346315145492554,
          -0.23306970298290253
        ],
        [
          -0.0010762214660644531,
          -0.32800063490867615,
          -0.08164601027965546
        ],
        [
          0.07276316732168198,
          -0.10112512111663818,
          -0.3184807300567627
        ]
      ]
    ],
    [
      [
        [
          -0.30066198110580444,
          -0.06533841788768768,
          -0.3014584481716156
        ],
        [
          -0.17921046912670135,
          -0.08445577323436737,
          -0.2865239083766937
        ],
        [
          -0.09977547824382782,
          0.32914936542510986,
          -0.05937349796295166
        ]
      ]
    ],
    [
      [
        [
          -0.1766863763332367,
          -0.04408419132232666,
          -0.2388022392988205
        ],
        [
          -0.22509941458702087,
          0.17546281218528748,
          -0.20928868651390076
        ],
        [
          -0.09822078794240952,
          0.23136040568351746,
          0.23577472567558289
        ]
      ]
    ],
    [
      [
        [
          -0.21775023639202118,
          0.22362343966960907,
          0.2996392250061035
        ],
        [
          -0.2806415557861328,
          -0.09727299213409424,
          -0.19853878021240234
        ],
        [
          0.24150678515434265,
          -0.1553620994091034,
          0.12328052520751953
        ]
      ]
    ],
    [
      [
        [
          0.036688726395368576,
          -0.32912692427635193,
          0.23147451877593994
        ],
        [
          -0.1610308140516281,
          -0.02373969554901123,
          -0.03951676934957504
        ],
        [
          -0.05307392403483391,
          -0.21909281611442566,
          0.14164400100708008
        ]
      ]
    ],
    [
      [
        [
          -0.10408107936382294,
          0.09747930616140366,
          0.10325483977794647
        ],
        [
          0.18445611000061035,
          0.15599259734153748,
          -0.13505876064300537
        ],
        [
          0.24315576255321503,
          0.28727567195892334,
          0.1585971564054489
        ]
      ]
    ],
    [
      [
        [
          0.3319547176361084,
          -0.10737498849630356,
          0.07369749248027802
        ],
        [
          0.21939115226268768,
          0.1740281581878662,
          0.07857708632946014
        ],
        [
          0.15203428268432617,
          -0.07460149377584457,
          0.0383477620780468
        ]
      ]
    ],
    [
      [
        [
          -0.16552090644836426,
          0.012142102234065533,
          0.002166668651625514
        ],
        [
          0.1613430678844452,
          0.22233879566192627,
          0.048521243035793304
        ],
        [
          0.19436149299144745,
          -0.08061909675598145,
          0.25942665338516235
        ]
      ]
    ],
    [
      [
        [
          0.024388909339904785,
          -0.26783299446105957,
          -0.2874518632888794
        ],
        [
          -0.032022278755903244,
          0.12073950469493866,
          -0.1005450114607811
        ],
        [
          -0.23427161574363708,
          0.23520386219024658,
          0.3301358222961426
        ]
      ]
    ],
    [
      [
        [
          -0.2934316098690033,
          -0.29117149114608765,
          -0.035264890640974045
        ],
        [
          -0.17540912330150604,
          -0.12883055210113525,
          -0.11619782447814941
        ],
        [
          -0.18555566668510437,
          -0.290099561214447,
          -0.24098341166973114
        ]
      ]
    ],
    [
      [
        [
          0.22134289145469666,
          0.12983331084251404,
          0.19024452567100525
        ],
        [
