{
  "rank": 1,
  "shape": [
    64
  ],
  "dtype": "float64",
  "data": [
    -0.0045891315676271915,
    0.007033901754766703,
    -0.006897668819874525,
    -0.018094267696142197,
    0.05594104900956154,
    -0.004164698533713818,
    -0.04937053099274635,
    -0.02755124121904373,
    -0.026709159836173058,
    -0.01611659675836563,
    0.04781356453895569,
    -0.002522889291867614,
    0.04288996756076813,
    -0.04971849545836449,
    0.05409649759531021,
    -0.04182681441307068,
    0.04149511829018593,
    0.006407030392438173,
    -0.004818094428628683,
    0.04704287275671959,
    0.042908988893032074,
    0.02832452952861786,
    -0.015608635731041431,
    0.0075772306881845,
    -0.024317389354109764,
    -0.04987504333257675,
    -0.05318085104227066,
    0.013202816247940063,
    0.05200449749827385,
    0.04599293693900108,
    0.004661540035158396,
    -0.0001832685520639643,
    -0.05628235265612602,
    0.015853887423872948,
    0.03956142067909241,
    -0.0048742410726845264,
    0.04516512528061867,
    0.008915961720049381,
    0.05023685842752457,
    0.023532679304480553,
    -0.03353779390454292,
    -0.018639886751770973,
    0.04603274539113045,
    -0.0587194599211216,
    0.033028025180101395,
    0.029847169294953346,
    0.04583008959889412,
    -0.024090498685836792,
    -0.04647176340222359,
    0.05747973173856735,
    -0.0033449705224484205,
    -0.01921071670949459,
    0.05141088739037514,
    0.04724333807826042,
    -0.0009524485212750733,
    -0.007030249107629061,
    -0.036299318075180054,
    -0.035623375326395035,
    -0.002942566527053714,
    -0.04998890310525894,
    0.02174272947013378,
    0.014580611139535904,
    -0.04835279658436775,
    -0.05291496962308884
  ]
}