{
  "rank": 1,
  "shape": [
    128
  ],
  "dtype": "float64",
  "data": [
    -0.0056391386315226555,
    -0.00559452548623085,
    -0.006909157149493694,
    0.0010975971817970276,
    -0.005310680717229843,
    -0.009375303983688354,
    0.009704696014523506,
    -0.009977656416594982,
    -0.008618032559752464,
    0.008671458810567856,
    0.00483818631619215,
    -0.004171829670667648,
    0.00551710044965148,
    0.007686307188123465,
    -0.005525797605514526,
    -0.008979583159089088,
    -0.003962792456150055,
    -0.00822497345507145,
    0.0033251855056732893,
    -0.0059952340088784695,
    0.009239012375473976,
    0.004537120461463928,
    -0.0067969923838973045,
    0.0015829752665013075,
    0.00879749096930027,
    -0.0018161758780479431,
    -0.010146109387278557,
    0.006742123514413834,
    -0.009538659825921059,
    -0.003946746699512005,
    0.010069719515740871,
    0.004514665808528662,
    0.004397389944642782,
    -0.0005220907623879611,
    -0.008102266117930412,
    0.005163024179637432,
    0.004361300729215145,
    -0.0008935593068599701,
    -0.009886249899864197,
    0.0017874216428026557,
    0.0005805778200738132,
    0.0024513988755643368,
    0.005880116485059261,
    -0.0009791553020477295,
    -0.008767458610236645,
    0.001021235017105937,
    0.005285181105136871,
    -0.006796758621931076,
    0.0040246546268463135,
    -0.0037982414942234755,
    -0.006784703582525253,
    0.002390244510024786,
    -0.006814397871494293,
    -0.007702020462602377,
    0.009873742237687111,
    0.0016523029189556837,
    -0.0057770563289523125,
    -0.0015608755638822913,
    0.0008934600045904517,
    -0.0026392776053398848,
    0.0024000394623726606,
    0.0035595844965428114,
    -0.00853528268635273,
    -0.002056758850812912,
    -0.003039113013073802,
    -0.0024680111091583967,
    -0.003306236118078232,
    0.00985102541744709,
    -0.005516191478818655,
    -0.007696150802075863,
    -0.001422325847670436,
    -0.0054716928862035275,
    -0.008959043771028519,
    0.00747090857475996,
    -0.003722868859767914,
    0.0018945833435282111,
    -0.008437255397439003,
    -0.006965314503759146,
    -0.0006432136287912726,
    0.004593844525516033,
    -0.0020277835428714752,
    0.003936483524739742,
    -0.00958971120417118,
    0.008998820558190346,
    -0.009231211617588997,
    -0.007993768900632858,
    0.00633180420845747,
    -0.0009602494537830353,
    -0.006672835908830166,
    -0.009437419474124908,
    0.008852997794747353,
    -0.006470280699431896,
    0.008232971653342247,
    -0.0015676121693104506,
    0.008677948266267776,
    -0.006544752977788448,
    0.0013004753272980452,
    0.007314356975257397,
    0.0007575564086437225,
    -0.009979414753615856,
    0.0016284188022837043,
    -0.008430710062384605,
    0.0011778114130720496,
    -0.005652926862239838,
    0.009985079988837242,
    -0.007657175417989492,
    -0.007345936261117458,
    -0.007696505635976791,
    -0.004266027361154556,
    -0.004625849425792694,
    0.0055473013781011105,
    -0.00047671422362327576,
    0.010169650427997112,
    0.008710912428796291,
    0.010275098495185375,
    0.004133255686610937,
    0.0015210112323984504,
    0.00541316345334053,
    0.004677156917750835,
    0.0021877873223274946,
    -0.006135176867246628,
    0.005743972957134247,
    -0.008118282072246075,
    -0.0037045194767415524,
    0.0011553976219147444,
    0.005851379595696926,
    -0.006170132663100958,
    0.0007705750758759677
  ]
}