{
  "rank": 1,
  "shape": [
    128
  ],
  "dtype": "float64",
  "data": [
    0.004451043903827667,
    -0.004182001110166311,
    0.004071533679962158,
    0.002609462942928076,
    -0.009224282577633858,
    0.0019233252387493849,
    0.010151352733373642,
    -0.0006436668336391449,
    -0.008356131613254547,
    0.002747330814599991,
    0.00976608507335186,
    0.010406273417174816,
    0.003040777053683996,
    -0.004098548553884029,
    0.0060438355430960655,
    -0.01036062277853489,
    -0.007377474568784237,
    0.0018845039885491133,
    0.00411112979054451,
    0.003941372036933899,
    -0.007101548369973898,
    0.010046183131635189,
    0.005920114926993847,
    0.01015502493828535,
    0.007800334598869085,
    0.0028544925153255463,
    -0.007639545015990734,
    0.005471208598464727,
    0.005672851111739874,
    -0.009075798094272614,
    -0.00822641234844923,
    -0.0031884624622762203,
    0.009644538164138794,
    0.00828660186380148,
    -0.01036141812801361,
    0.0052947429940104485,
    -0.00852865632623434,
    0.0022361192386597395,
    0.006019759923219681,
    0.007466346025466919,
    0.009420654736459255,
    -0.005604248493909836,
    0.00723198801279068,
    -0.002909326460212469,
    0.0028827451169490814,
    -0.002102077007293701,
    0.009865062311291695,
    -0.004703883081674576,
    0.0070165484212338924,
    -9.542331099510193e-05,
    0.0018313415348529816,
    -0.0006145586958155036,
    0.010020545683801174,
    0.003572888672351837,
    -0.004724673926830292,
    -0.0021015654783695936,
    -0.007948996499180794,
    -0.00950806774199009,
    -0.007674884051084518,
    0.01021445170044899,
    -0.0017534805228933692,
    0.009072484448552132,
    -0.005269696470350027,
    -0.0038571543991565704,
    0.005496427416801453,
    -0.0020964904688298702,
    -0.008060682564973831,
    -0.009709877893328667,
    0.002847726223990321,
    0.004287356045097113,
    0.010072246193885803,
    -0.006793751381337643,
    0.0060895695351064205,
    0.004266807343810797,
    -0.009777385741472244,
    -0.00129578763153404,
    0.008945159614086151,
    0.007572629954665899,
    0.0005397386848926544,
    0.001005041180178523,
    0.009611964225769043,
    0.007916439324617386,
    -0.00777785386890173,
    -0.009207859635353088,
    -0.00814180076122284,
    -0.0029956214129924774,
    -0.001262962818145752,
    0.00468162726610899,
    -0.0064756437204778194,
    0.0038771294057369232,
    0.009038402698934078,
    0.00833877082914114,
    0.0019233761122450233,
    -0.008304281160235405,
    0.003625858575105667,
    -0.008861350826919079,
    -0.007407782133668661,
    0.0022528059780597687,
    0.002051993040367961,
    0.003928360994905233,
    -0.008865024894475937,
    -0.00913449190557003,
    0.0005193687975406647,
    -0.0014099268009886146,
    0.002310714451596141,
    -0.007753034587949514,
    -0.005003844853490591,
    -0.009643055498600006,
    0.007054836954921484,
    0.0038517131470143795,
    -0.001566341845318675,
    -0.01007314957678318,
    -0.005009843967854977,
    0.009253142401576042,
    0.007924231700599194,
    0.0023463654797524214,
    -0.010192959569394588,
    0.009868456050753593,
    0.00201062741689384,
    -0.007927286438643932,
    0.005426622927188873,
    0.001530138193629682,
    -0.003028420265763998,
    0.010011469945311546,
    -0.0002851138706319034,
    0.005473287310451269,
    -0.00465417793020606,
    -0.004468934144824743
  ]
}