{
  "rank": 1,
  "shape": [
    10
  ],
  "dtype": "float64",
  "data": [
    0.01544023398309946,
    0.04465563967823982,
    0.06704726815223694,
    -0.07413177192211151,
    0.04955577850341797,
    0.04040156677365303,
    0.062332890927791595,
    0.039912715554237366,
    0.08773164451122284,
    -0.053136195987463
  ]
}