{
  "rank": 1,
  "shape": [
    10
  ],
  "dtype": "float64",
  "data": [
    -0.155332550406456,
    0.10112746804952621,
    -0.036803748458623886,
    -0.04708479717373848,
    0.01827687956392765,
    -0.04064076021313667,
    -0.14366383850574493,
    0.03336489200592041,
    -0.14411449432373047,
    0.06725072115659714
  ]
}