{
  "rank": 1,
  "shape": [
    10
  ],
  "dtype": "float64",
  "data": [
    0.07122838497161865,
    -0.033179473131895065,
    0.08293930441141129,
    -0.02850567363202572,
    0.06877302378416061,
    0.008391405455768108,
    -0.006685607135295868,
    -0.031370509415864944,
    0.055832792073488235,
    -0.054092392325401306
  ]
}